-1000,-34.66796875,-47.8515625,-1000
-968.26171875,-43.9453125,-36.1328125,-930.17578125
435.05859375,-28.80859375,-36.62109375,499.51171875
-900.87890625,-27.34375,-44.43359375,-906.73828125
905.2734375,-34.1796875,-44.43359375,908.203125
933.10546875,-39.55078125,-32.2265625,926.26953125
988.76953125,-36.62109375,-31.25,-986.328125
948.73046875,-35.64453125,-40.52734375,878.90625
-441.89453125,-62.98828125,-48.33984375,-562.98828125
-1000,-53.7109375,-38.0859375,-1000
-927.24609375,-49.31640625,-28.3203125,-925.78125
-1000,-53.22265625,-34.66796875,-1000
-1000,-44.921875,-35.64453125,-1000
-1000,-45.41015625,-29.296875,-1000
-1000,-39.0625,-25.390625,-1000
-943.359375,-30.2734375,-22.4609375,-943.359375
-1000,-31.25,-27.34375,-1000
-895.99609375,-29.296875,-33.203125,-895.99609375
556.15234375,-11.71875,-26.3671875,556.640625
-913.57421875,-14.16015625,-21.97265625,-912.59765625
891.6015625,-32.71484375,-35.15625,892.578125
981.93359375,-33.69140625,-30.76171875,982.91015625
966.30859375,-31.25,-15.625,967.28515625
966.30859375,-29.78515625,-28.3203125,966.796875
966.30859375,-25.87890625,-33.69140625,966.796875
978.515625,-31.73828125,-31.73828125,981.93359375
922.8515625,-34.66796875,-25.390625,914.0625
983.88671875,-32.2265625,-15.625,-991.69921875
959.47265625,-27.83203125,-25.87890625,895.01953125
-418.9453125,-45.41015625,-35.15625,-536.1328125
-1000,-54.19921875,-32.71484375,-1000
-927.734375,-41.015625,-36.1328125,-926.26953125
-1000,-37.59765625,-35.15625,-1000
-1000,-33.69140625,-37.59765625,-1000
-1000,-30.76171875,-40.0390625,-1000
-1000,-26.85546875,-32.2265625,-1000
-984.375,-29.296875,-22.4609375,-978.515625
-966.30859375,-36.62109375,-30.2734375,-977.5390625
-1000,-37.109375,-27.83203125,-1000
9.27734375,-26.85546875,-20.01953125,95.21484375
-933.10546875,-18.5546875,-23.4375,-922.36328125
925.78125,-17.578125,-29.78515625,918.45703125
954.58984375,-21.484375,-39.55078125,960.44921875
969.7265625,-28.80859375,-38.0859375,969.23828125
966.30859375,-32.71484375,-33.203125,966.796875
966.30859375,-34.66796875,-38.0859375,967.28515625
971.6796875,-41.015625,-41.50390625,977.05078125
946.2890625,-42.48046875,-37.109375,930.6640625
937.98828125,-43.9453125,-30.76171875,970.703125
-945.80078125,-53.22265625,-41.015625,990.234375
-106.4453125,-64.453125,-45.8984375,-331.54296875
-1000,-59.08203125,-38.0859375,-1000
-951.66015625,-41.50390625,-30.2734375,-933.10546875
-993.1640625,-48.828125,-29.78515625,-1000
-1000,-54.6875,-43.45703125,-1000
-1000,-58.10546875,-40.0390625,-1000
-1000,-52.734375,-26.85546875,-1000
-1000,-42.96875,-32.71484375,-1000
-942.87109375,-38.57421875,-38.0859375,-940.91796875
-1000,-37.59765625,-39.55078125,-1000
-891.11328125,-40.52734375,-37.109375,-868.65234375
563.96484375,-18.06640625,-35.64453125,591.30859375
-914.55078125,-20.01953125,-37.59765625,-918.9453125
891.6015625,-40.52734375,-39.0625,895.5078125
999.0234375,-37.59765625,-35.15625,982.421875
893.06640625,-33.69140625,-34.66796875,913.57421875
-921.875,-38.0859375,-41.50390625,-926.26953125
608.3984375,-51.26953125,-50.78125,237.3046875
-856.93359375,-61.03515625,-49.31640625,-1000
-1000,-50.29296875,-29.296875,-1000
-939.453125,-41.015625,-25.390625,-967.28515625
-1000,-50.29296875,-42.96875,-1000
-1000,-45.41015625,-41.015625,-1000
-1000,-39.55078125,-39.0625,-1000
-1000,-45.8984375,-31.25,-1000
-939.453125,-43.9453125,-27.83203125,-936.5234375
-1000,-41.015625,-36.62109375,-1000
-854.98046875,-43.45703125,-45.41015625,-814.94140625
610.3515625,-31.25,-40.0390625,653.80859375
-922.36328125,-30.2734375,-31.73828125,-930.6640625
893.06640625,-39.55078125,-35.15625,895.99609375
999.51171875,-33.203125,-36.1328125,997.0703125
907.2265625,-32.2265625,-28.3203125,902.83203125
-976.07421875,-43.9453125,-25.87890625,-942.3828125
843.75,-51.26953125,-33.69140625,624.51171875
-615.234375,-61.03515625,-29.78515625,-798.828125
-1000,-52.734375,-26.3671875,-1000
-943.84765625,-40.52734375,-32.71484375,-955.56640625
-952.1484375,-35.15625,-32.2265625,-948.73046875
-1000,-36.1328125,-34.1796875,-1000
-815.4296875,-33.203125,-36.1328125,-727.5390625
659.66796875,-18.06640625,-30.2734375,732.421875
-931.15234375,-27.83203125,-33.69140625,-949.21875
895.5078125,-41.015625,-36.1328125,907.2265625
985.83984375,-39.0625,-33.69140625,961.9140625
906.25,-33.203125,-32.71484375,945.3125
-914.55078125,-31.73828125,-45.41015625,-966.796875
276.85546875,-53.7109375,-51.26953125,-117.67578125
-1000,-62.98828125,-39.0625,-1000
-1000,-42.96875,-33.69140625,-956.0546875
-981.93359375,-41.015625,-38.0859375,-1000
-949.21875,-36.62109375,-44.43359375,-937.5
-1000,-42.96875,-43.45703125,-1000
-854.00390625,-50.78125,-29.78515625,-754.8828125
611.81640625,-26.85546875,-33.69140625,707.03125
-922.8515625,-20.01953125,-31.73828125,-943.359375
893.06640625,-34.66796875,-34.1796875,899.4140625
982.91015625,-39.55078125,-53.22265625,983.3984375
966.30859375,-40.0390625,-49.31640625,966.796875
966.30859375,-48.828125,-41.9921875,966.796875
971.6796875,-40.0390625,-43.9453125,976.07421875
944.3359375,-36.1328125,-40.52734375,933.10546875
941.40625,-45.8984375,-29.296875,966.30859375
-951.66015625,-44.921875,-33.203125,998.53515625
-134.765625,-58.10546875,-33.203125,-298.828125
-1000,-53.22265625,-28.80859375,-1000
-948.73046875,-50.29296875,-28.80859375,-936.03515625
-1000,-63.96484375,-29.78515625,-1000
-965.33203125,-56.15234375,-43.9453125,-948.2421875
-1000,-51.26953125,-34.1796875,-1000
-1000,-22.94921875,-35.64453125,-924.31640625
309.08203125,2.44140625,-39.55078125,504.39453125
-894.53125,-24.4140625,-43.45703125,-908.203125
913.0859375,-41.9921875,-41.015625,909.1796875
915.52734375,-23.92578125,-34.1796875,924.31640625
-979.98046875,-15.13671875,-34.1796875,-981.93359375
856.93359375,-41.50390625,-38.57421875,865.234375
-598.14453125,-74.21875,-47.8515625,-585.9375
-1000,-59.08203125,-55.6640625,-1000
-925.78125,-43.45703125,-47.8515625,-925.78125
-1000,-22.94921875,-51.7578125,-1000
-1000,-21.484375,-63.96484375,-1000
-1000,-77.1484375,-48.33984375,-1000
-1000,-57.6171875,-37.109375,-1000
-1000,-48.828125,-34.1796875,-1000
-1000,-55.6640625,-51.26953125,-1000
-1000,-48.828125,-51.7578125,-1000
-1000,-40.0390625,-41.9921875,-1000
-1000,-34.66796875,-34.66796875,-1000
-1000,-45.41015625,-41.9921875,-1000
-1000,-46.38671875,-53.22265625,-1000
-1000,-43.9453125,-40.52734375,-1000
-1000,-33.69140625,-38.57421875,-1000
-1000,-27.83203125,-46.875,-988.76953125
-927.734375,-41.9921875,-45.41015625,-963.37890625
-1000,-28.3203125,-33.69140625,-1000
-582.03125,-3.41796875,-24.90234375,-81.0546875
857.421875,-18.06640625,-32.71484375,-974.12109375
-981.93359375,-33.203125,-46.38671875,943.84765625
919.43359375,-28.3203125,-41.015625,958.0078125
947.265625,-33.203125,-42.48046875,934.5703125
966.30859375,-43.9453125,-46.38671875,975.09765625
-997.55859375,-48.828125,-42.96875,979.00390625
-317.87109375,-57.12890625,-45.41015625,-358.3984375
-1000,-56.640625,-42.96875,-1000
-932.12890625,-50.78125,-38.57421875,-932.12890625
-1000,-38.0859375,-46.38671875,-1000
-1000,-26.3671875,-41.9921875,-1000
-1000,-37.59765625,-40.0390625,-1000
-1000,-30.76171875,-46.38671875,-1000
-961.9140625,-26.3671875,-41.9921875,-947.75390625
-1000,-32.2265625,-50.29296875,-1000
-1000,-31.73828125,-48.828125,-930.17578125
329.58984375,-25.390625,-41.9921875,500
-894.53125,-21.97265625,-51.7578125,-906.73828125
895.5078125,-34.1796875,-45.8984375,892.578125
974.12109375,-35.64453125,-45.41015625,980.95703125
966.30859375,-28.80859375,-46.875,966.796875
966.30859375,-21.484375,-34.1796875,966.796875
966.30859375,-25.390625,-38.57421875,967.28515625
966.30859375,-30.2734375,-49.8046875,967.28515625
966.30859375,-26.3671875,-40.0390625,967.28515625
966.30859375,-29.296875,-34.1796875,967.28515625
966.30859375,-40.52734375,-38.0859375,967.28515625
966.30859375,-37.59765625,-38.57421875,967.28515625
966.30859375,-37.109375,-39.0625,966.796875
966.30859375,-34.1796875,-25.87890625,966.796875
966.30859375,-37.109375,-31.25,966.796875
966.30859375,-35.15625,-32.71484375,967.28515625
983.88671875,-30.2734375,-23.92578125,982.421875
894.53125,-38.57421875,-28.3203125,898.4375
-932.12890625,-24.90234375,-33.203125,-934.08203125
660.64453125,-30.2734375,-38.0859375,636.23046875
-812.98828125,-53.22265625,-39.55078125,-814.453125
-1000,-41.9921875,-32.71484375,-1000
-936.03515625,-34.66796875,-33.203125,-940.91796875
-1000,-35.64453125,-35.64453125,-1000
-928.22265625,-43.45703125,-23.92578125,-952.63671875
-1000,-46.875,-34.66796875,-1000
-683.59375,-25.87890625,-47.8515625,-229.4921875
788.57421875,-12.20703125,-38.57421875,977.5390625
-960.9375,-21.97265625,-36.62109375,965.8203125
902.34375,-27.83203125,-32.2265625,936.03515625
983.3984375,-28.3203125,-30.76171875,976.07421875
966.30859375,-29.78515625,-45.41015625,967.28515625
966.30859375,-35.15625,-40.52734375,966.796875
976.07421875,-34.1796875,-45.41015625,979.00390625
930.17578125,-35.64453125,-54.19921875,923.828125
967.7734375,-36.62109375,-48.33984375,986.81640625
998.046875,-39.55078125,-47.36328125,949.21875
-329.58984375,-49.31640625,-38.57421875,-420.41015625
-1000,-49.8046875,-32.71484375,-1000
-947.75390625,-37.59765625,-40.52734375,-946.77734375
-949.21875,-37.59765625,-55.6640625,-945.80078125
-1000,-36.62109375,-59.08203125,-1000
-891.11328125,-33.69140625,-41.50390625,-810.546875
563.96484375,-23.92578125,-37.109375,658.203125
-914.55078125,-26.85546875,-39.55078125,-932.12890625
891.6015625,-37.59765625,-41.015625,895.99609375
981.93359375,-27.34375,-45.41015625,983.88671875
966.30859375,-22.4609375,-41.9921875,967.28515625
966.30859375,-29.296875,-42.48046875,967.28515625
966.30859375,-31.73828125,-49.8046875,967.28515625
966.30859375,-38.57421875,-47.8515625,967.28515625
966.30859375,-38.0859375,-40.0390625,966.796875
966.30859375,-30.2734375,-41.015625,967.28515625
966.30859375,-29.296875,-50.29296875,967.28515625
966.30859375,-37.109375,-48.33984375,966.796875
966.30859375,-37.109375,-42.48046875,966.796875
966.30859375,-38.57421875,-39.0625,967.28515625
966.30859375,-40.0390625,-40.0390625,966.796875
966.30859375,-36.62109375,-43.45703125,966.796875
966.30859375,-35.15625,-39.0625,967.28515625
966.30859375,-33.203125,-34.66796875,967.28515625
966.30859375,-41.015625,-36.1328125,966.796875
966.30859375,-37.109375,-38.0859375,970.21484375
979.00390625,-35.15625,-39.0625,958.984375
895.01953125,-42.96875,-30.76171875,922.8515625
-913.57421875,-36.1328125,-25.390625,-932.6171875
486.81640625,-49.31640625,-41.9921875,101.5625
-924.8046875,-58.10546875,-43.45703125,-1000
-1000,-44.43359375,-37.59765625,-982.421875
-949.21875,-48.33984375,-41.50390625,-979.00390625
-1000,-47.8515625,-42.48046875,-1000
-931.640625,-39.55078125,-42.48046875,-937.98828125
-1000,-43.45703125,-33.69140625,-1000
-480.46875,-34.1796875,-30.2734375,-436.03515625
906.25,-20.99609375,-38.0859375,906.73828125
-1000,-25.390625,-37.59765625,997.0703125
917.48046875,-20.99609375,-36.1328125,921.38671875
979.98046875,-27.34375,-37.59765625,979.4921875
966.30859375,-40.0390625,-39.0625,966.796875
966.30859375,-43.9453125,-44.43359375,967.7734375
983.88671875,-30.76171875,-36.1328125,976.5625
900.390625,-32.2265625,-23.4375,901.3671875
-953.61328125,-37.59765625,-36.1328125,-922.36328125
760.7421875,-45.8984375,-45.41015625,460.9375
-716.30859375,-69.3359375,-45.8984375,-916.015625
-1000,-62.01171875,-37.59765625,-1000
-929.6875,-48.828125,-39.0625,-950.68359375
-1000,-39.0625,-33.69140625,-1000
-1000,-39.0625,-31.25,-1000
979.98046875,-27.34375,-37.59765625,979.4921875
966.30859375,-40.0390625,-39.0625,966.796875
966.30859375,-43.9453125,-44.43359375,967.7734375
983.88671875,-30.76171875,-36.1328125,976.5625
900.390625,-32.2265625,-23.4375,901.3671875
-953.61328125,-37.59765625,-36.1328125,-922.36328125
760.7421875,-45.8984375,-45.41015625,460.9375
-716.30859375,-69.3359375,-45.8984375,-916.015625
-1000,-62.01171875,-37.59765625,-1000
-929.6875,-48.828125,-39.0625,-950.68359375
-1000,-39.0625,-33.69140625,-1000
-1000,-39.0625,-31.25,-1000
-569.82421875,-62.5,-46.875,-662.59765625
-1000,-54.6875,-48.33984375,-1000
-925.78125,-41.9921875,-49.31640625,-928.7109375
-1000,-38.57421875,-49.8046875,-1000
-1000,-40.0390625,-45.8984375,-1000
-1000,-37.109375,-45.8984375,-1000
-1000,-42.96875,-50.29296875,-1000
-941.89453125,-47.36328125,-49.31640625,-942.87109375
-1000,-45.41015625,-48.828125,-1000
-881.34765625,-46.38671875,-49.31640625,-891.11328125
576.171875,-30.2734375,-37.109375,564.453125
-916.9921875,-25.390625,-28.80859375,-914.0625
892.08984375,-34.66796875,-34.1796875,892.578125
993.65234375,-41.9921875,-33.203125,999.0234375
925.78125,-41.015625,-28.3203125,909.66796875
977.5390625,-36.1328125,-31.73828125,-979.00390625
975.09765625,-40.52734375,-41.50390625,854.4921875
-383.30078125,-56.15234375,-50.29296875,-598.6328125
-1000,-52.24609375,-44.43359375,-1000
-929.19921875,-41.015625,-35.15625,-926.26953125
-1000,-41.9921875,-39.55078125,-1000
-1000,-43.45703125,-41.9921875,-1000
-1000,-41.015625,-28.80859375,-1000
-1000,-33.69140625,-29.78515625,-1000
-961.9140625,-27.83203125,-36.62109375,-963.37890625
-1000,-20.5078125,-35.15625,-1000
-1000,-23.92578125,-37.59765625,-1000
326.171875,-24.4140625,-31.73828125,310.05859375
-895.01953125,-4.8828125,-19.53125,-896.484375
895.99609375,2.9296875,7.32421875,898.4375
974.12109375,-17.08984375,-15.13671875,973.14453125
966.30859375,-37.109375,-46.875,967.28515625
966.30859375,-50.29296875,-37.109375,967.28515625
966.30859375,-50.78125,-26.85546875,967.28515625
982.421875,-40.0390625,-28.80859375,983.3984375
908.69140625,-42.48046875,-23.4375,906.73828125
-979.98046875,-35.15625,-20.99609375,-971.19140625
856.93359375,-34.1796875,-22.4609375,829.1015625
-598.14453125,-59.5703125,-28.80859375,-632.8125
-1000,-55.17578125,-23.92578125,-1000
-925.78125,-44.43359375,-10.25390625,-927.24609375
-1000,-37.109375,-13.18359375,-1000
-1000,-30.76171875,-17.08984375,-1000
-1000,-35.64453125,-18.06640625,-1000
-1000,-32.71484375,-18.5546875,-1000
-1000,-31.25,-11.71875,-1000
-935.05859375,-33.69140625,-15.625,-935.05859375
-1000,-41.015625,-31.25,-1000
-803.22265625,-37.109375,-24.4140625,-757.8125
673.33984375,-20.5078125,-20.5078125,702.1484375
-934.08203125,-16.6015625,-31.25,-942.3828125
895.01953125,-19.04296875,-32.2265625,900.390625
-999.0234375,-23.4375,-31.73828125,992.67578125
903.3203125,-35.15625,-29.78515625,904.78515625
-963.8671875,-46.875,-30.76171875,-934.08203125
800.78125,-58.59375,-39.55078125,492.1875
-669.43359375,-66.89453125,-33.203125,-879.39453125
-1000,-49.8046875,-23.92578125,-1000
-944.3359375,-37.109375,-27.83203125,-963.8671875
-958.49609375,-38.0859375,-37.59765625,-951.171875
-1000,-45.8984375,-36.62109375,-1000
-876.953125,-36.1328125,-24.4140625,-768.06640625
582.51953125,-22.4609375,-22.4609375,680.17578125
-917.48046875,-25.87890625,-31.73828125,-939.453125
907.71484375,-36.1328125,-37.109375,915.52734375
928.22265625,-32.2265625,-30.2734375,924.8046875
-989.2578125,-25.390625,-28.3203125,-978.02734375
885.25390625,-36.62109375,-36.62109375,854.4921875
-554.19921875,-59.08203125,-41.9921875,-602.5390625
-1000,-55.6640625,-41.015625,-1000
-927.24609375,-44.921875,-38.0859375,-931.640625
-1000,-46.38671875,-46.38671875,-999.0234375
-940.4296875,-46.875,-50.29296875,-972.16796875
-1000,-37.59765625,-47.8515625,-1000
-310.05859375,-25.87890625,-43.9453125,8.7890625
974.12109375,-13.18359375,-35.64453125,-953.125
971.6796875,-21.484375,-39.0625,932.6171875
930.6640625,-31.25,-41.50390625,953.61328125
976.07421875,-35.64453125,-38.57421875,971.6796875
966.30859375,-53.22265625,-37.59765625,967.28515625
966.30859375,-43.9453125,-37.109375,966.796875
982.91015625,-33.203125,-34.66796875,983.88671875
908.69140625,-41.9921875,-28.80859375,905.76171875
-979.98046875,-38.57421875,-34.1796875,-967.7734375
856.93359375,-42.96875,-35.15625,815.91796875
-598.14453125,-65.4296875,-25.87890625,-646.97265625
-1000,-59.5703125,-30.2734375,-1000
-925.78125,-50.78125,-33.69140625,-927.734375
-1000,-45.8984375,-30.2734375,-1000
-1000,-38.57421875,-36.62109375,-1000
-1000,-34.66796875,-45.41015625,-1000
-1000,-39.0625,-41.50390625,-1000
-1000,-32.2265625,-39.0625,-1000
-942.87109375,-31.73828125,-40.52734375,-941.40625
-1000,-40.0390625,-41.015625,-1000
-891.11328125,-41.50390625,-40.0390625,-873.53515625
563.96484375,-23.4375,-36.1328125,584.9609375
-914.55078125,-21.97265625,-30.76171875,-917.96875
891.6015625,-31.73828125,-29.78515625,893.06640625
981.93359375,-35.15625,-30.2734375,983.3984375
966.30859375,-36.62109375,-20.5078125,966.796875
966.30859375,-34.1796875,-23.4375,966.796875
979.4921875,-39.0625,-33.69140625,981.4453125
920.41015625,-38.0859375,-24.90234375,916.50390625
989.74609375,-42.48046875,-23.4375,-996.58203125
944.3359375,-46.875,-29.296875,908.69140625
-450.1953125,-59.08203125,-31.25,-512.20703125
-1000,-63.4765625,-29.296875,-1000
-926.7578125,-55.17578125,-23.92578125,-926.26953125
-1000,-43.45703125,-22.4609375,-1000
-997.55859375,-36.1328125,-33.203125,-978.02734375
-947.75390625,-38.57421875,-41.9921875,-979.98046875
-1000,-34.1796875,-33.69140625,-1000
-209.47265625,-21.484375,-20.99609375,94.7265625
-992.67578125,-8.7890625,-21.484375,-931.15234375
956.0546875,-27.34375,-29.78515625,921.38671875
938.4765625,-31.25,-21.97265625,959.47265625
973.6328125,-22.94921875,-11.71875,969.7265625
966.30859375,-32.2265625,-15.625,967.28515625
966.30859375,-41.9921875,-25.87890625,967.7734375
983.88671875,-38.57421875,-24.4140625,979.4921875
900.87890625,-33.203125,-22.94921875,902.34375
-956.54296875,-41.015625,-34.1796875,-936.5234375
773.92578125,-39.55078125,-42.48046875,580.078125
-702.63671875,-44.921875,-35.64453125,-832.03125
-1000,-50.29296875,-28.80859375,-1000
-930.17578125,-44.43359375,-30.76171875,-948.2421875
-1000,-48.33984375,-38.57421875,-996.58203125
-938.96484375,-45.8984375,-34.66796875,-974.609375
-1000,-33.69140625,-27.34375,-1000
-335.44921875,-20.5078125,-29.296875,36.62109375
965.33203125,-8.7890625,-29.78515625,-944.82421875
975.5859375,-18.06640625,-34.66796875,928.7109375
928.7109375,-31.73828125,-40.0390625,955.56640625
976.5625,-33.203125,-28.80859375,971.19140625
966.30859375,-37.109375,-20.99609375,967.28515625
966.30859375,-41.50390625,-36.1328125,968.26171875
981.4453125,-34.1796875,-44.921875,971.6796875
893.06640625,-27.83203125,-35.64453125,905.76171875
-917.96875,-25.87890625,-36.1328125,-920.41015625
563.96484375,-38.57421875,-49.31640625,346.6796875
-883.7890625,-57.12890625,-41.50390625,-969.23828125
-1000,-41.015625,-19.53125,-1000
-942.87109375,-34.1796875,-11.71875,-959.47265625
-1000,-43.9453125,-20.99609375,-1000
-1000,-38.57421875,-28.80859375,-1000
-1000,-31.73828125,-24.4140625,-1000
-1000,-35.15625,-22.4609375,-1000
-942.87109375,-34.1796875,-20.01953125,-940.91796875
-1000,-37.59765625,-22.94921875,-1000
-891.11328125,-32.2265625,-23.92578125,-873.046875
563.96484375,-13.18359375,-20.5078125,587.40234375
-914.55078125,-8.7890625,-20.01953125,-917.96875
891.6015625,-23.92578125,-30.76171875,893.06640625
982.421875,-29.296875,-26.3671875,983.3984375
966.30859375,-26.3671875,-16.6015625,966.796875
966.30859375,-32.71484375,-29.78515625,967.28515625
966.30859375,-43.45703125,-40.52734375,967.28515625
966.30859375,-38.57421875,-33.203125,966.796875
966.30859375,-30.2734375,-22.4609375,966.30859375
966.30859375,-25.390625,-21.97265625,968.26171875
966.30859375,-30.2734375,-25.390625,963.37890625
982.421875,-34.1796875,-30.2734375,976.5625
908.69140625,-39.55078125,-22.94921875,909.1796875
-979.98046875,-48.33984375,-24.90234375,-977.5390625
856.93359375,-53.22265625,-32.71484375,853.02734375
-598.14453125,-59.08203125,-31.73828125,-603.515625
-1000,-56.640625,-32.2265625,-1000
-925.78125,-50.78125,-20.99609375,-925.78125
-1000,-38.57421875,-14.16015625,-1000
-998.046875,-35.15625,-25.87890625,-976.07421875
-946.77734375,-38.57421875,-29.78515625,-983.3984375
-1000,-34.66796875,-22.4609375,-1000
-223.14453125,-32.71484375,-23.4375,120.60546875
-997.55859375,-28.80859375,-20.99609375,-927.734375
958.0078125,-42.48046875,-30.76171875,918.9453125
937.5,-54.6875,-34.1796875,960.9375
974.12109375,-45.8984375,-28.3203125,969.7265625
966.30859375,-39.55078125,-31.73828125,967.28515625
981.93359375,-49.31640625,-34.66796875,983.3984375
910.64453125,-49.8046875,-28.3203125,910.15625
-985.83984375,-40.0390625,-21.97265625,-981.4453125
875,-40.52734375,-29.296875,865.72265625
-569.82421875,-66.40625,-35.15625,-585.44921875
-1000,-69.82421875,-28.80859375,-1000
-926.26953125,-42.96875,-12.6953125,-928.7109375
-1000,-42.96875,-16.6015625,-1000
-929.19921875,-52.734375,-30.76171875,-953.125
-1000,-52.734375,-31.25,-1000
-523.92578125,-35.64453125,-20.5078125,-180.6640625
889.6484375,-13.671875,-15.625,-996.09375
-992.67578125,-23.92578125,-23.92578125,956.0546875
910.64453125,-49.8046875,-28.3203125,910.15625
-985.83984375,-40.0390625,-21.97265625,-981.4453125
875,-40.52734375,-29.296875,865.72265625
-569.82421875,-66.40625,-35.15625,-585.44921875
-1000,-69.82421875,-28.80859375,-1000
-926.26953125,-42.96875,-12.6953125,-928.7109375
-1000,-42.96875,-16.6015625,-1000
-929.19921875,-52.734375,-30.76171875,-953.125
-1000,-52.734375,-31.25,-1000
-523.92578125,-35.64453125,-20.5078125,-180.6640625
889.6484375,-13.671875,-15.625,-996.09375
-992.67578125,-23.92578125,-23.92578125,956.0546875
-1000,-43.45703125,-47.36328125,-1000
-1000,-48.33984375,-51.7578125,-1000
-1000,-51.26953125,-40.52734375,-1000
-1000,-45.41015625,-31.73828125,-1000
-928.22265625,-37.59765625,-35.64453125,-942.3828125
-1000,-40.52734375,-33.203125,-1000
-544.43359375,-32.71484375,-25.87890625,-314.453125
880.37109375,-23.92578125,-22.94921875,963.8671875
-989.2578125,-28.80859375,-29.78515625,975.09765625
913.0859375,-32.71484375,-43.45703125,930.6640625
981.4453125,-35.15625,-42.96875,977.05078125
966.30859375,-34.66796875,-34.66796875,966.796875
966.30859375,-33.69140625,-34.66796875,966.796875
966.30859375,-36.62109375,-41.50390625,967.28515625
982.421875,-43.9453125,-49.8046875,983.3984375
908.203125,-48.828125,-38.57421875,903.80859375
-979.00390625,-45.8984375,-27.34375,-959.47265625
853.02734375,-45.41015625,-32.71484375,769.04296875
-603.02734375,-58.59375,-37.109375,-689.453125
-1000,-62.5,-28.3203125,-1000
-925.78125,-50.78125,-25.390625,-930.6640625
-1000,-41.50390625,-32.71484375,-1000
-1000,-45.41015625,-38.57421875,-1000
-1000,-45.41015625,-32.2265625,-1000
-1000,-41.015625,-29.78515625,-1000
-944.3359375,-40.52734375,-31.73828125,-942.87109375
-1000,-42.48046875,-33.203125,-1000
-905.2734375,-40.52734375,-28.3203125,-890.625
542.48046875,-19.04296875,-10.7421875,564.94140625
-912.109375,-3.90625,-16.11328125,-914.0625
891.6015625,-18.06640625,-39.0625,892.578125
981.4453125,-33.69140625,-30.2734375,982.91015625
966.30859375,-34.66796875,-19.53125,966.796875
966.30859375,-35.64453125,-25.87890625,967.28515625
966.30859375,-34.66796875,-33.203125,967.28515625
982.421875,-39.55078125,-37.109375,983.3984375
-1000,-41.50390625,-45.41015625,-1000
-872.55859375,-34.66796875,-34.66796875,-683.59375
587.890625,-16.11328125,-32.71484375,738.76953125
-918.9453125,-20.99609375,-34.66796875,-955.078125
892.08984375,-25.87890625,-34.66796875,904.78515625
982.421875,-16.6015625,-27.83203125,982.421875
966.30859375,-20.01953125,-22.4609375,966.796875
966.30859375,-38.0859375,-31.25,966.796875
980.46875,-35.64453125,-29.296875,981.93359375
916.50390625,-23.92578125,-18.06640625,913.57421875
999.51171875,-26.85546875,-18.06640625,-990.234375
918.45703125,-33.69140625,-27.83203125,890.625
-1000,-41.50390625,-45.41015625,-1000
-872.55859375,-34.66796875,-34.66796875,-683.59375
587.890625,-16.11328125,-32.71484375,738.76953125
-918.9453125,-20.99609375,-34.66796875,-955.078125
892.08984375,-25.87890625,-34.66796875,904.78515625
982.421875,-16.6015625,-27.83203125,982.421875
966.30859375,-20.01953125,-22.4609375,966.796875
966.30859375,-38.0859375,-31.25,966.796875
980.46875,-35.64453125,-29.296875,981.93359375
916.50390625,-23.92578125,-18.06640625,913.57421875
999.51171875,-26.85546875,-18.06640625,-990.234375
918.45703125,-33.69140625,-27.83203125,890.625
-498.046875,-57.6171875,-40.0390625,-544.43359375
-1000,-56.640625,-31.25,-1000
-926.26953125,-46.875,-24.90234375,-925.78125
-1000,-47.8515625,-29.296875,-1000
-1000,-44.921875,-28.3203125,-1000
-1000,-46.875,-36.1328125,-1000
-1000,-41.50390625,-32.2265625,-1000
-1000,-38.0859375,-26.85546875,-1000
-947.75390625,-33.69140625,-31.25,-943.359375
-1000,-30.76171875,-30.76171875,-1000
-930.17578125,-37.109375,-33.69140625,-895.5078125
502.44140625,-27.83203125,-36.1328125,555.17578125
-907.2265625,-23.92578125,-28.3203125,-913.0859375
891.6015625,-40.52734375,-30.2734375,892.578125
980.46875,-49.8046875,-36.62109375,982.421875
966.30859375,-52.24609375,-32.2265625,966.796875
966.30859375,-39.55078125,-29.78515625,966.796875
968.75,-31.25,-43.45703125,972.16796875
960.9375,-27.83203125,-38.57421875,949.70703125
916.9921875,-32.2265625,-29.296875,936.03515625
-921.38671875,-37.109375,-36.62109375,-947.75390625
129.39453125,-40.52734375,-35.15625,-50.29296875
-1000,-51.7578125,-38.57421875,-1000
-983.3984375,-51.7578125,-47.36328125,-961.42578125
-986.328125,-48.828125,-42.48046875,-1000
-969.7265625,-48.33984375,-43.45703125,-955.56640625
-1000,-49.8046875,-47.36328125,-1000
-1000,-47.8515625,-40.0390625,-956.54296875
314.94140625,-30.76171875,-29.78515625,449.21875
-894.53125,-30.2734375,-30.2734375,-902.83203125
896.484375,-39.0625,-32.2265625,895.5078125
989.74609375,-40.52734375,-28.3203125,981.4453125
893.06640625,-35.15625,-16.6015625,909.66796875
-920.41015625,-33.69140625,-23.4375,-923.828125
588.8671875,-43.9453125,-32.71484375,299.8046875
-868.65234375,-59.5703125,-31.73828125,-984.375
-1000,-50.78125,-32.71484375,-1000
-956.0546875,-34.66796875,-43.45703125,-978.515625
-963.8671875,-32.2265625,-40.52734375,-954.58984375
-1000,-36.1328125,-36.1328125,-1000
-927.734375,-31.25,-38.0859375,-901.3671875
506.34765625,-9.27734375,-35.15625,548.33984375
-907.71484375,-12.20703125,-36.1328125,-912.109375
891.6015625,-24.4140625,-36.62109375,895.01953125
997.55859375,-24.90234375,-30.76171875,981.4453125
893.06640625,-33.203125,-29.78515625,916.015625
-923.828125,-42.96875,-43.45703125,-935.546875
620.60546875,-52.734375,-45.8984375,256.34765625
-848.14453125,-69.3359375,-39.0625,-986.328125
-1000,-64.453125,-29.296875,-1000
-954.58984375,-52.734375,-21.97265625,-981.93359375
-959.9609375,-52.734375,-26.3671875,-950.1953125
-1000,-54.19921875,-32.2265625,-1000
-891.11328125,-45.8984375,-23.92578125,-854.00390625
563.96484375,-28.3203125,-20.5078125,604.4921875
-914.55078125,-26.3671875,-33.69140625,-921.875
891.6015625,-32.2265625,-37.59765625,894.53125
981.93359375,-37.59765625,-26.85546875,983.3984375
966.30859375,-31.73828125,-26.85546875,966.796875
966.30859375,-30.2734375,-41.9921875,966.796875
981.93359375,-33.203125,-50.78125,983.3984375
911.62109375,-32.2265625,-46.875,910.15625
-987.3046875,-32.2265625,-36.62109375,-980.95703125
879.8828125,-41.50390625,-41.50390625,864.74609375
-562.5,-56.15234375,-48.828125,-587.40234375
-1000,-51.7578125,-46.38671875,-1000
-925.78125,-44.43359375,-52.734375,-925.78125
-1000,-49.31640625,-52.734375,-1000
-1000,-47.36328125,-51.7578125,-1000
-1000,-39.0625,-43.45703125,-1000
-1000,-33.69140625,-31.25,-1000
-1000,-38.0859375,-30.2734375,-1000
-965.8203125,-34.1796875,-36.62109375,-991.2109375
-1000,-36.62109375,-47.8515625,-1000
-1000,-33.69140625,-46.875,-1000
-1000,-34.1796875,-35.64453125,-1000
-1000,-35.64453125,-34.1796875,-1000
-942.87109375,-31.25,-35.64453125,-939.453125
-1000,-37.59765625,-31.25,-1000
-891.11328125,-39.55078125,-28.80859375,-849.609375
563.96484375,-28.80859375,-33.69140625,613.28125
-914.55078125,-33.203125,-35.15625,-922.8515625
891.6015625,-45.41015625,-36.1328125,894.04296875
981.93359375,-47.8515625,-37.109375,983.3984375
966.30859375,-36.62109375,-28.3203125,967.28515625
966.30859375,-40.52734375,-33.203125,966.796875
966.30859375,-43.45703125,-45.41015625,966.796875
982.91015625,-35.64453125,-40.52734375,983.3984375
906.73828125,-38.0859375,-29.78515625,901.3671875
-974.609375,-36.1328125,-29.78515625,-948.73046875
838.37890625,-41.50390625,-40.52734375,714.84375
-622.55859375,-67.3828125,-51.7578125,-741.69921875
-1000,-62.98828125,-44.921875,-1000
-926.26953125,-41.015625,-41.9921875,-933.59375
-1000,-33.69140625,-39.55078125,-1000
-1000,-33.203125,-36.1328125,-1000
-1000,-29.78515625,-34.66796875,-1000
-1000,-28.80859375,-20.99609375,-1000
-947.265625,-36.1328125,-19.04296875,-944.82421875
-1000,-38.0859375,-27.83203125,-1000
-927.734375,-32.71484375,-28.3203125,-908.203125
506.34765625,-12.20703125,-23.92578125,538.0859375
-907.71484375,-13.18359375,-23.4375,-910.64453125
891.6015625,-31.73828125,-30.76171875,892.08984375
980.46875,-44.921875,-27.83203125,982.421875
966.30859375,-47.8515625,-25.390625,967.28515625
966.30859375,-41.50390625,-30.2734375,967.28515625
966.30859375,-48.828125,-28.80859375,966.796875
982.91015625,-50.78125,-27.34375,983.3984375
908.69140625,-47.36328125,-25.87890625,908.203125
-979.98046875,-50.78125,-29.296875,-975.5859375
856.93359375,-51.26953125,-34.1796875,845.703125
-598.14453125,-62.01171875,-36.62109375,-612.79296875
-1000,-61.03515625,-36.1328125,-1000
-925.78125,-49.31640625,-34.1796875,-926.26953125
-1000,-48.33984375,-27.83203125,-1000
-1000,-42.48046875,-32.71484375,-1000
-1000,-42.48046875,-36.62109375,-1000
-1000,-40.0390625,-27.34375,-1000
-1000,-38.57421875,-38.0859375,-998.046875
-929.19921875,-38.0859375,-50.78125,-949.21875
-1000,-29.296875,-40.0390625,-1000
-518.06640625,-17.08984375,-30.76171875,-236.81640625
892.08984375,-12.20703125,-39.55078125,985.83984375
-993.65234375,-25.87890625,-42.48046875,964.35546875
914.55078125,-29.296875,-36.1328125,936.5234375
980.95703125,-24.4140625,-34.1796875,975.5859375
966.30859375,-34.1796875,-36.62109375,966.796875
966.30859375,-39.0625,-40.0390625,966.796875
974.609375,-29.296875,-39.55078125,978.515625
934.08203125,-26.3671875,-31.25,925.78125
959.47265625,-24.4140625,-22.4609375,980.95703125
-983.3984375,-28.3203125,-23.4375,967.28515625
-280.76171875,-46.38671875,-37.109375,-391.6015625
-1000,-59.5703125,-38.0859375,-1000
-934.08203125,-54.19921875,-35.64453125,-930.17578125
-1000,-40.0390625,-37.59765625,-1000
-1000,-31.25,-39.0625,-1000
-938.4765625,-43.9453125,-41.50390625,-938.4765625
-1000,-48.828125,-34.66796875,-1000
-844.23828125,-31.25,-28.80859375,-604.00390625
624.0234375,-17.08984375,-41.50390625,792.48046875
-920.8984375,-29.296875,-46.38671875,-961.42578125
880.37109375,-32.2265625,-37.59765625,878.90625
944.3359375,-27.34375,-37.109375,976.07421875
-933.10546875,-36.62109375,-39.55078125,-993.65234375
7.32421875,-53.7109375,-42.48046875,-252.44140625
-1000,-59.08203125,-34.1796875,-1000
-966.796875,-44.43359375,-22.4609375,-941.40625
-984.86328125,-42.96875,-22.94921875,-1000
-1000,-43.45703125,-31.73828125,-1000
-1000,-38.0859375,-38.57421875,-1000
-1000,-41.015625,-24.90234375,-1000
-1000,-36.62109375,-20.99609375,-1000
-1000,-27.34375,-34.1796875,-1000
-1000,-29.296875,-41.50390625,-1000
-1000,-25.390625,-38.0859375,-1000
-1000,-33.203125,-30.2734375,-1000
-932.6171875,-44.43359375,-34.66796875,-931.15234375
-1000,-36.62109375,-40.0390625,-1000
-771.484375,-32.2265625,-22.4609375,-710.44921875
707.03125,-15.625,-14.6484375,757.32421875
-940.91796875,-22.4609375,-28.3203125,-953.61328125
896.97265625,-42.96875,-35.64453125,901.85546875
983.88671875,-37.59765625,-31.73828125,983.88671875
966.30859375,-35.15625,-33.69140625,966.796875
966.30859375,-45.41015625,-41.015625,967.28515625
966.796875,-36.62109375,-43.45703125,969.23828125
979.00390625,-36.1328125,-38.57421875,967.7734375
895.01953125,-35.64453125,-29.78515625,910.64453125
-913.0859375,-33.69140625,-31.73828125,-921.38671875
488.28125,-43.45703125,-36.62109375,263.18359375
-924.31640625,-54.19921875,-44.43359375,-1000
-1000,-41.9921875,-42.96875,-1000
-948.73046875,-38.0859375,-33.69140625,-965.8203125
-1000,-40.52734375,-39.55078125,-1000
-1000,-36.62109375,-45.8984375,-1000
-1000,-43.9453125,-38.0859375,-1000
-1000,-50.29296875,-33.203125,-1000
-963.37890625,-44.921875,-41.015625,-955.56640625
-1000,-39.55078125,-42.48046875,-1000
-1000,-35.15625,-34.66796875,-977.5390625
310.546875,-22.4609375,-38.0859375,408.69140625
-894.04296875,-21.484375,-40.52734375,-899.90234375
896.484375,-27.34375,-36.62109375,894.53125
973.14453125,-26.3671875,-36.62109375,977.5390625
966.30859375,-36.1328125,-40.52734375,966.796875
966.30859375,-49.31640625,-41.015625,967.28515625
966.30859375,-48.828125,-40.52734375,967.28515625
982.421875,-42.48046875,-44.921875,982.421875
908.69140625,-43.45703125,-35.15625,908.69140625
-979.98046875,-46.38671875,-29.296875,-976.5625
856.93359375,-47.8515625,-30.76171875,850.09765625
-598.14453125,-61.5234375,-35.64453125,-607.91015625
-1000,-57.6171875,-41.9921875,-1000
-925.78125,-46.38671875,-41.015625,-926.26953125
-1000,-51.26953125,-45.8984375,-1000
-1000,-45.41015625,-47.8515625,-1000
-1000,-40.0390625,-46.38671875,-1000
-1000,-41.015625,-41.50390625,-1000
-1000,-41.9921875,-41.015625,-1000
-927.24609375,-40.52734375,-45.8984375,-935.05859375
-1000,-34.1796875,-42.96875,-1000
-656.73828125,-29.78515625,-35.64453125,-475.09765625
812.5,-20.99609375,-43.9453125,893.5546875
-966.796875,-23.92578125,-54.19921875,-997.55859375
904.296875,-36.62109375,-51.7578125,919.921875
-999.0234375,-26.3671875,-41.9921875,987.79296875
896.97265625,-17.08984375,-36.1328125,906.25
-941.89453125,-28.80859375,-41.015625,-931.640625
710.9375,-35.64453125,-48.33984375,440.91796875
-768.06640625,-44.43359375,-39.0625,-908.203125
-1000,-41.015625,-33.203125,-1000
-932.6171875,-32.71484375,-41.015625,-952.1484375
-1000,-36.1328125,-47.8515625,-1000
-1000,-42.48046875,-42.48046875,-998.53515625
-1000,-36.62109375,-26.85546875,-1000
-1000,-24.4140625,-30.2734375,-926.7578125
-927.734375,-25.390625,-45.8984375,-861.81640625
-1000,-35.15625,-44.921875,-1000
-665.52734375,-22.94921875,-29.296875,-524.4140625
805.17578125,-8.7890625,-29.296875,871.58203125
-964.84375,-19.53125,-38.0859375,-988.28125
903.3203125,-32.71484375,-35.64453125,915.0390625
983.3984375,-40.52734375,-24.4140625,981.4453125
966.30859375,-41.9921875,-21.97265625,966.796875
966.30859375,-45.8984375,-26.85546875,967.28515625
973.6328125,-42.96875,-35.15625,977.05078125
937.98828125,-37.109375,-30.76171875,930.6640625
952.1484375,-29.78515625,-17.578125,970.703125
-967.7734375,-32.2265625,-32.71484375,992.1875
-229.98046875,-58.59375,-39.0625,-335.44921875
-1000,-64.94140625,-30.2734375,-1000
-937.98828125,-56.15234375,-25.87890625,-932.12890625
-1000,-47.36328125,-27.34375,-1000
-1000,-45.41015625,-37.109375,-1000
-1000,-53.22265625,-37.109375,-1000
-1000,-37.59765625,-25.87890625,-1000
-1000,-36.1328125,-28.3203125,-1000
-942.87109375,-47.36328125,-42.96875,-942.3828125
-1000,-51.7578125,-47.8515625,-1000
-891.11328125,-46.875,-41.9921875,-887.6953125
563.96484375,-20.01953125,-28.80859375,568.84765625
-914.55078125,-20.99609375,-21.484375,-914.55078125
891.6015625,-36.62109375,-29.78515625,892.578125
982.421875,-26.85546875,-29.78515625,985.3515625
983.3984375,-20.99609375,-22.94921875,967.28515625
893.06640625,-24.90234375,-21.97265625,914.55078125
-924.31640625,-33.203125,-29.296875,-936.03515625
623.046875,-47.36328125,-39.0625,285.15625
-846.19140625,-59.08203125,-34.66796875,-974.12109375
-1000,-51.7578125,-31.73828125,-1000
-938.4765625,-47.36328125,-39.0625,-965.33203125
-1000,-37.109375,-46.38671875,-1000
-1000,-23.92578125,-41.50390625,-1000
-1000,-27.83203125,-37.109375,-979.00390625
-952.63671875,-33.69140625,-39.55078125,-853.02734375
-1000,-35.15625,-39.0625,-1000
-963.37890625,-34.1796875,-35.15625,-927.24609375
443.84765625,-23.4375,-34.1796875,519.04296875
-901.85546875,-20.01953125,-27.34375,-908.69140625
892.08984375,-25.390625,-32.71484375,892.578125
978.515625,-36.1328125,-39.55078125,981.4453125
966.30859375,-45.41015625,-32.2265625,967.28515625
966.30859375,-44.43359375,-35.15625,967.28515625
966.30859375,-40.0390625,-35.15625,967.7734375
982.421875,-33.203125,-31.25,978.515625
908.69140625,-39.55078125,-29.78515625,903.80859375
-979.98046875,-37.109375,-17.08984375,-971.19140625
857.421875,-27.83203125,-17.578125,830.56640625
-598.14453125,-42.96875,-30.2734375,-629.39453125
-1000,-53.7109375,-25.87890625,-1000
-925.78125,-42.96875,-26.3671875,-926.7578125
-1000,-39.55078125,-33.203125,-1000
-1000,-47.36328125,-34.1796875,-1000
-1000,-43.45703125,-26.85546875,-1000
-1000,-40.52734375,-21.97265625,-1000
-988.76953125,-42.48046875,-20.99609375,-974.609375
-959.47265625,-44.43359375,-26.85546875,-984.375
-1000,-45.41015625,-28.3203125,-1000
-62.5,-26.85546875,-26.3671875,149.4140625
-951.171875,-18.06640625,-26.3671875,-916.015625
935.05859375,-42.96875,-36.1328125,913.0859375
949.70703125,-51.26953125,-34.66796875,968.26171875
981.4453125,-37.59765625,-25.390625,956.54296875
897.4609375,-33.203125,-37.109375,931.640625
-913.0859375,-28.80859375,-36.1328125,-952.1484375
443.359375,-39.0625,-29.78515625,45.8984375
-942.87109375,-51.7578125,-39.55078125,-1000
-1000,-39.0625,-32.2265625,-979.00390625
-959.9609375,-39.55078125,-30.2734375,-993.1640625
-983.88671875,-43.9453125,-40.52734375,-961.9140625
-990.234375,-40.52734375,-38.57421875,-1000
-1000,-40.52734375,-39.0625,-973.6328125
224.609375,-25.390625,-38.57421875,407.2265625
-894.53125,-22.94921875,-43.45703125,-902.34375
901.3671875,-29.78515625,-42.48046875,895.99609375
968.75,-32.2265625,-30.76171875,977.5390625
966.30859375,-36.1328125,-27.83203125,967.28515625
966.30859375,-29.78515625,-24.4140625,966.796875
982.421875,-31.73828125,-32.2265625,983.3984375
909.66796875,-31.25,-36.62109375,908.69140625
-982.91015625,-38.0859375,-35.64453125,-977.5390625
865.72265625,-48.33984375,-37.109375,852.05078125
-584.9609375,-51.7578125,-36.62109375,-604.98046875
-1000,-49.8046875,-39.0625,-1000
-925.78125,-42.96875,-27.83203125,-926.26953125
-1000,-43.45703125,-26.3671875,-1000
-1000,-49.8046875,-41.50390625,-1000
-1000,-41.50390625,-41.9921875,-1000
-1000,-25.390625,-31.25,-1000
-1000,-21.97265625,-27.83203125,-1000
-1000,-25.87890625,-40.52734375,-1000
-1000,-29.78515625,-52.24609375,-1000
-1000,-34.1796875,-47.8515625,-1000
-1000,-30.76171875,-43.45703125,-1000
-931.15234375,-31.25,-45.8984375,-937.98828125
-1000,-29.78515625,-50.78125,-1000
-481.93359375,-17.08984375,-44.43359375,-374.0234375
907.2265625,-9.765625,-32.71484375,945.3125
-1000,-28.3203125,-32.71484375,983.88671875
917.96875,-34.66796875,-34.66796875,926.7578125
979.98046875,-13.671875,-25.87890625,978.02734375
966.30859375,-10.25390625,-25.87890625,966.796875
966.30859375,-18.06640625,-41.50390625,966.796875
966.30859375,-23.92578125,-43.9453125,967.28515625
982.421875,-31.25,-41.50390625,982.91015625
908.203125,-23.92578125,-39.55078125,904.296875
-979.98046875,-20.01953125,-30.76171875,-959.9609375
856.93359375,-24.90234375,-33.69140625,763.671875
-598.14453125,-36.1328125,-35.64453125,-690.91796875
-1000,-47.8515625,-34.1796875,-1000
-925.78125,-44.43359375,-38.57421875,-931.15234375
-1000,-31.73828125,-39.0625,-1000
-1000,-37.59765625,-43.45703125,-1000
-1000,-38.57421875,-31.73828125,-1000
-1000,-32.71484375,-23.92578125,-1000
-966.30859375,-34.66796875,-32.71484375,-955.56640625
-998.53515625,-35.15625,-35.64453125,-1000
-1000,-30.76171875,-34.1796875,-979.00390625
272.94921875,-17.08984375,-32.2265625,403.80859375
-894.04296875,-9.27734375,-37.59765625,-900.390625
898.4375,-27.83203125,-50.78125,895.01953125
971.19140625,-50.78125,-46.38671875,977.5390625
966.30859375,-43.45703125,-37.109375,966.30859375
966.30859375,-31.73828125,-41.015625,968.26171875
966.30859375,-39.55078125,-43.9453125,964.84375
983.88671875,-38.0859375,-39.0625,968.26171875
896.484375,-31.25,-29.78515625,894.04296875
-940.91796875,-38.57421875,-27.34375,-928.22265625
705.56640625,-51.26953125,-31.25,620.1171875
-773.92578125,-54.6875,-37.109375,-831.54296875
-1000,-40.52734375,-32.71484375,-1000
-932.6171875,-35.15625,-30.76171875,-938.96484375
-1000,-37.109375,-40.0390625,-1000
-1000,-37.109375,-39.0625,-1000
-1000,-36.62109375,-40.52734375,-1000
-1000,-38.57421875,-42.48046875,-1000
-1000,-36.62109375,-41.015625,-990.72265625
-937.98828125,-40.0390625,-48.33984375,-958.49609375
-1000,-43.45703125,-41.50390625,-1000
-344.7265625,-25.390625,-29.296875,-109.86328125
962.40234375,-6.8359375,-36.62109375,-973.6328125
977.05078125,-24.4140625,-41.50390625,945.80078125
935.05859375,-35.15625,-39.0625,957.51953125
950.68359375,-26.85546875,-30.2734375,931.640625
948.73046875,-26.85546875,-30.76171875,982.91015625
-962.890625,-38.57421875,-44.43359375,960.9375
-198.73046875,-57.6171875,-46.38671875,-399.90234375
-1000,-64.453125,-38.0859375,-1000
-941.40625,-47.8515625,-36.1328125,-930.17578125
-1000,-36.62109375,-41.015625,-1000
-1000,-39.0625,-45.41015625,-987.79296875
-935.05859375,-39.55078125,-46.38671875,-965.33203125
-1000,-35.64453125,-39.55078125,-1000
-404.296875,-32.71484375,-33.69140625,-67.3828125
938.96484375,-24.90234375,-46.38671875,-973.14453125
986.81640625,-32.2265625,-51.26953125,943.359375
923.33984375,-26.85546875,-42.48046875,947.75390625
978.02734375,-34.1796875,-41.50390625,973.6328125
966.30859375,-51.7578125,-41.9921875,965.33203125
981.93359375,-45.41015625,-46.875,979.98046875
910.15625,-39.0625,-38.0859375,909.1796875
-984.375,-41.015625,-36.62109375,-978.02734375
871.09375,-40.0390625,-42.96875,854.00390625
-575.68359375,-49.8046875,-46.875,-602.5390625
-1000,-53.7109375,-52.24609375,-1000
-925.78125,-47.8515625,-42.96875,-925.78125
-1000,-43.9453125,-41.015625,-1000
-1000,-33.69140625,-41.50390625,-1000
-1000,-30.2734375,-39.0625,-1000
-1000,-33.69140625,-41.50390625,-1000
-1000,-36.62109375,-40.0390625,-1000
-942.87109375,-40.52734375,-41.9921875,-940.4296875
-1000,-41.015625,-45.41015625,-1000
-891.11328125,-35.64453125,-42.48046875,-860.3515625
563.96484375,-19.04296875,-35.64453125,599.609375
-914.55078125,-21.97265625,-41.015625,-920.41015625
891.6015625,-33.203125,-43.45703125,894.04296875
982.421875,-34.1796875,-28.3203125,983.3984375
966.30859375,-34.1796875,-26.3671875,966.796875
966.30859375,-27.34375,-34.66796875,966.796875
973.6328125,-32.71484375,-43.9453125,977.5390625
936.5234375,-35.64453125,-40.52734375,928.7109375
954.1015625,-30.76171875,-36.62109375,974.609375
-971.6796875,-33.203125,-38.57421875,981.93359375
-247.55859375,-43.9453125,-42.96875,-356.93359375
-1000,-49.8046875,-39.0625,-1000
-936.03515625,-38.0859375,-36.62109375,-931.640625
-1000,-33.203125,-36.1328125,-1000
-1000,-40.0390625,-42.96875,-1000
-941.40625,-44.921875,-45.41015625,-937.01171875
-1000,-42.48046875,-41.50390625,-1000
-878.41796875,-30.76171875,-39.0625,-727.5390625
580.56640625,-10.25390625,-45.8984375,711.9140625
-917.48046875,-22.4609375,-57.6171875,-947.75390625
892.08984375,-37.109375,-55.17578125,905.2734375
982.421875,-40.0390625,-41.9921875,963.37890625
966.30859375,-38.57421875,-38.57421875,-999.51171875
970.703125,-38.0859375,-46.875,910.64453125
951.171875,-39.0625,-41.50390625,604.00390625
931.15234375,-34.66796875,-30.76171875,875
-937.01171875,-29.296875,-36.1328125,-932.6171875
-32.71484375,-38.57421875,-45.8984375,-218.75
-1000,-49.31640625,-44.43359375,-1000
-961.42578125,-39.55078125,-25.87890625,-944.3359375
-987.79296875,-30.76171875,-21.97265625,-998.53515625
-1000,-41.9921875,-40.52734375,-1000
-1000,-42.48046875,-45.41015625,-1000
-1000,-28.80859375,-29.296875,-1000
-1000,-28.3203125,-26.3671875,-1000
-950.68359375,-36.62109375,-39.55078125,-945.3125
-1000,-31.73828125,-37.109375,-1000
-950.68359375,-24.90234375,-32.71484375,-913.0859375
466.796875,-14.6484375,-29.296875,530.2734375
-903.80859375,-21.97265625,-28.3203125,-909.66796875
892.08984375,-31.73828125,-36.1328125,892.578125
979.4921875,-24.4140625,-33.203125,981.93359375
965.8203125,-27.83203125,-36.62109375,966.796875
966.30859375,-39.0625,-42.96875,967.28515625
966.30859375,-42.96875,-41.015625,967.28515625
982.91015625,-36.62109375,-40.0390625,983.3984375
907.2265625,-34.66796875,-38.57421875,902.34375
-976.5625,-30.76171875,-39.55078125,-956.54296875
845.21484375,-39.0625,-42.96875,763.18359375
-613.28125,-58.59375,-41.50390625,-701.171875
-1000,-57.12890625,-39.0625,-1000
-935.546875,-45.41015625,-32.71484375,-943.359375
-981.93359375,-31.73828125,-32.2265625,-970.703125
-999.0234375,-29.78515625,-37.109375,-1000
-1000,-37.59765625,-32.2265625,-968.26171875
277.83203125,-28.3203125,-31.73828125,425.78125
-894.53125,-29.296875,-33.69140625,-901.85546875
897.94921875,-35.15625,-32.71484375,894.53125
971.6796875,-32.71484375,-33.203125,978.515625
966.30859375,-42.48046875,-31.73828125,966.796875
966.30859375,-42.96875,-35.64453125,966.796875
966.30859375,-31.73828125,-36.62109375,966.796875
982.421875,-29.78515625,-36.1328125,983.3984375
908.69140625,-34.66796875,-33.69140625,908.203125
-979.98046875,-33.69140625,-31.73828125,-975.5859375
856.93359375,-36.62109375,-42.48046875,845.21484375
-598.14453125,-62.5,-55.6640625,-613.76953125
-1000,-66.89453125,-49.31640625,-1000
-925.78125,-55.17578125,-42.48046875,-926.26953125
-1000,-47.8515625,-49.31640625,-1000
-1000,-38.57421875,-49.31640625,-1000
-1000,-41.015625,-38.0859375,-1000
-1000,-38.0859375,-38.0859375,-1000
-982.91015625,-33.69140625,-37.109375,-972.16796875
-968.75,-35.64453125,-36.62109375,-988.76953125
-1000,-32.71484375,-34.66796875,-1000
35.64453125,-19.53125,-26.85546875,188.4765625
-926.26953125,-12.6953125,-27.83203125,-908.203125
921.875,-26.3671875,-30.2734375,909.1796875
956.54296875,-38.57421875,-36.62109375,966.30859375
969.23828125,-34.66796875,-34.66796875,968.26171875
966.30859375,-34.1796875,-27.34375,966.796875
966.30859375,-39.0625,-36.1328125,966.796875
979.00390625,-37.109375,-38.57421875,981.4453125
-1000,-38.0859375,-38.0859375,-1000
-982.91015625,-33.69140625,-37.109375,-972.16796875
-968.75,-35.64453125,-36.62109375,-988.76953125
-1000,-32.71484375,-34.66796875,-1000
35.64453125,-19.53125,-26.85546875,188.4765625
-926.26953125,-12.6953125,-27.83203125,-908.203125
921.875,-26.3671875,-30.2734375,909.1796875
956.54296875,-38.57421875,-36.62109375,966.30859375
969.23828125,-34.66796875,-34.66796875,968.26171875
966.30859375,-34.1796875,-27.34375,966.796875
966.30859375,-39.0625,-36.1328125,966.796875
979.00390625,-37.109375,-38.57421875,981.4453125
-1000,-33.203125,-46.875,-1000
-773.4375,-34.66796875,-37.59765625,-660.64453125
704.58984375,-28.3203125,-32.2265625,788.0859375
-940.4296875,-41.50390625,-43.9453125,-963.37890625
896.97265625,-40.52734375,-38.57421875,905.2734375
983.88671875,-29.78515625,-28.80859375,983.3984375
966.30859375,-33.203125,-37.109375,966.796875
966.30859375,-37.59765625,-40.52734375,966.796875
968.75,-40.52734375,-49.31640625,972.16796875
959.9609375,-41.9921875,-51.26953125,949.21875
917.48046875,-32.71484375,-38.0859375,937.5
-922.8515625,-31.25,-37.59765625,-949.70703125
117.1875,-54.19921875,-46.875,-62.5
-1000,-62.98828125,-42.96875,-1000
-981.93359375,-52.734375,-29.296875,-960.44921875
-977.05078125,-48.33984375,-30.76171875,-989.2578125
-1000,-47.8515625,-31.73828125,-1000
-1000,-44.921875,-21.484375,-1000
-1000,-41.015625,-26.3671875,-1000
-1000,-46.38671875,-32.2265625,-1000
-1000,-41.9921875,-34.66796875,-983.88671875
-938.96484375,-34.1796875,-41.50390625,-971.6796875
-1000,-35.15625,-40.52734375,-1000
-333.49609375,-23.92578125,-37.59765625,-5.37109375
966.30859375,-14.16015625,-33.69140625,-958.984375
975.09765625,-27.34375,-38.0859375,935.546875
933.59375,-28.80859375,-37.109375,962.40234375
959.9609375,-26.85546875,-26.85546875,935.05859375
932.6171875,-29.296875,-29.296875,973.6328125
-939.453125,-34.1796875,-39.0625,977.05078125
-54.6875,-48.33984375,-41.9921875,-331.0546875
-1000,-52.24609375,-36.62109375,-1000
-958.49609375,-57.6171875,-41.9921875,-936.5234375
-989.74609375,-57.12890625,-45.41015625,-1000
-1000,-42.48046875,-41.9921875,-1000
-1000,-37.59765625,-37.109375,-1000
-1000,-33.69140625,-39.0625,-1000
-960.9375,-36.1328125,-48.33984375,-952.1484375
-1000,-41.9921875,-48.828125,-1000
-1000,-48.33984375,-49.8046875,-958.49609375
338.8671875,-32.71484375,-45.8984375,446.2890625
-895.01953125,-17.578125,-37.59765625,-902.83203125
895.5078125,-31.73828125,-41.015625,893.5546875
974.609375,-42.48046875,-37.109375,979.4921875
966.30859375,-32.2265625,-32.71484375,967.28515625
966.30859375,-36.1328125,-30.76171875,966.796875
966.30859375,-43.45703125,-30.76171875,966.796875
982.421875,-43.45703125,-42.48046875,983.3984375
908.69140625,-44.43359375,-42.96875,908.203125
-979.98046875,-38.57421875,-39.55078125,-975.5859375
856.93359375,-38.0859375,-40.52734375,844.23828125
-598.14453125,-59.08203125,-41.9921875,-614.74609375
-1000,-60.05859375,-39.55078125,-1000
-925.78125,-43.45703125,-38.57421875,-926.26953125
-1000,-34.1796875,-38.0859375,-1000
-1000,-46.875,-40.52734375,-1000
-1000,-50.29296875,-41.9921875,-1000
-1000,-42.48046875,-42.96875,-1000
-1000,-39.0625,-43.45703125,-1000
-927.24609375,-31.25,-44.921875,-937.98828125
-1000,-39.55078125,-48.33984375,-1000
-662.109375,-36.62109375,-36.62109375,-446.2890625
808.10546875,-19.04296875,-28.3203125,901.3671875
-965.8203125,-28.3203125,-32.2265625,999.0234375
903.80859375,-36.1328125,-40.0390625,920.8984375
983.3984375,-34.66796875,-42.48046875,979.98046875
966.30859375,-34.66796875,-34.66796875,967.28515625
966.30859375,-40.52734375,-34.1796875,966.796875
977.5390625,-39.0625,-41.015625,980.95703125
926.26953125,-25.390625,-33.69140625,917.96875
977.5390625,-28.3203125,-24.90234375,998.53515625
976.5625,-41.015625,-30.76171875,921.38671875
-381.8359375,-51.26953125,-35.15625,-487.79296875
-1000,-56.15234375,-27.34375,-1000
-929.19921875,-52.734375,-27.34375,-926.7578125
-1000,-41.015625,-34.66796875,-1000
-1000,-31.25,-38.57421875,-1000
-1000,-33.69140625,-37.109375,-1000
-1000,-40.52734375,-36.62109375,-1000
-1000,-44.921875,-40.0390625,-1000
-942.87109375,-41.015625,-38.57421875,-938.96484375
-1000,-39.0625,-40.0390625,-1000
-891.11328125,-33.69140625,-31.73828125,-840.8203125
563.96484375,-13.671875,-25.87890625,623.046875
-381.8359375,-51.26953125,-35.15625,-487.79296875
-1000,-56.15234375,-27.34375,-1000
-929.19921875,-52.734375,-27.34375,-926.7578125
-1000,-41.015625,-34.66796875,-1000
-1000,-31.25,-38.57421875,-1000
-1000,-33.69140625,-37.109375,-1000
-1000,-40.52734375,-36.62109375,-1000
-1000,-44.921875,-40.0390625,-1000
-942.87109375,-41.015625,-38.57421875,-938.96484375
-1000,-39.0625,-40.0390625,-1000
-891.11328125,-33.69140625,-31.73828125,-840.8203125
563.96484375,-13.671875,-25.87890625,623.046875
-961.42578125,-33.203125,-26.3671875,-976.07421875
-1000,-36.62109375,-40.0390625,-1000
-1000,-39.55078125,-44.43359375,-1000
-1000,-30.76171875,-39.0625,-1000
-1000,-15.625,-36.62109375,-1000
-1000,-20.99609375,-36.62109375,-1000
-929.19921875,-29.296875,-39.55078125,-937.5
-1000,-31.73828125,-38.0859375,-1000
-704.1015625,-23.92578125,-37.59765625,-473.14453125
771.484375,-7.32421875,-35.15625,884.765625
-956.54296875,-12.6953125,-35.15625,-996.09375
900.87890625,-18.06640625,-37.59765625,918.45703125
983.88671875,-23.4375,-31.25,979.98046875
966.30859375,-27.83203125,-28.80859375,966.796875
966.30859375,-28.3203125,-38.0859375,966.796875
982.421875,-32.71484375,-44.921875,983.3984375
908.69140625,-23.92578125,-30.76171875,908.203125
-979.98046875,-7.8125,-22.4609375,-976.5625
857.421875,-18.5546875,-33.69140625,848.14453125
-598.14453125,-51.26953125,-41.50390625,-609.86328125
-1000,-52.734375,-36.62109375,-1000
-925.78125,-40.0390625,-25.390625,-926.26953125
-1000,-40.52734375,-22.94921875,-1000
-1000,-36.1328125,-31.73828125,-1000
-1000,-35.64453125,-33.69140625,-1000
-1000,-28.80859375,-28.3203125,-1000
-985.83984375,-25.87890625,-35.15625,-974.609375
-963.8671875,-30.76171875,-34.1796875,-983.88671875
-1000,-21.484375,-21.484375,-1000
-13.671875,-3.41796875,-14.6484375,151.3671875
-938.96484375,-0.48828125,-15.625,-912.59765625
928.7109375,-24.90234375,-30.76171875,912.109375
953.125,-34.66796875,-43.45703125,964.35546875
970.21484375,-25.87890625,-36.62109375,968.75
966.30859375,-33.203125,-27.34375,966.796875
966.30859375,-40.0390625,-28.3203125,966.796875
-1000,-35.64453125,-33.69140625,-1000
-1000,-28.80859375,-28.3203125,-1000
-985.83984375,-25.87890625,-35.15625,-974.609375
-963.8671875,-30.76171875,-34.1796875,-983.88671875
-1000,-21.484375,-21.484375,-1000
-13.671875,-3.41796875,-14.6484375,151.3671875
-938.96484375,-0.48828125,-15.625,-912.59765625
928.7109375,-24.90234375,-30.76171875,912.109375
953.125,-34.66796875,-43.45703125,964.35546875
970.21484375,-25.87890625,-36.62109375,968.75
966.30859375,-33.203125,-27.34375,966.796875
966.30859375,-40.0390625,-28.3203125,966.796875
-894.53125,-25.390625,-33.203125,-904.296875
905.2734375,-32.71484375,-36.62109375,905.76171875
947.265625,-37.59765625,-29.78515625,937.98828125
944.3359375,-41.015625,-26.3671875,980.95703125
-956.0546875,-32.2265625,-26.85546875,965.33203125
-161.62109375,-45.8984375,-29.296875,-389.6484375
-1000,-65.4296875,-31.73828125,-1000
-945.80078125,-58.59375,-23.92578125,-930.6640625
-997.0703125,-46.38671875,-20.01953125,-1000
-1000,-42.48046875,-38.57421875,-1000
-1000,-44.921875,-41.015625,-1000
-1000,-38.57421875,-24.90234375,-1000
-1000,-39.0625,-34.1796875,-1000
-958.0078125,-37.109375,-36.1328125,-950.1953125
-1000,-39.0625,-25.87890625,-1000
-999.0234375,-45.8984375,-27.83203125,-943.359375
373.046875,-26.3671875,-31.73828125,474.609375
-896.97265625,-11.71875,-31.73828125,-904.78515625
894.04296875,-28.80859375,-46.38671875,893.5546875
992.67578125,-41.9921875,-45.8984375,993.65234375
906.25,-40.52734375,-38.57421875,901.85546875
-972.65625,-45.8984375,-37.59765625,-941.40625
832.51953125,-44.43359375,-37.109375,622.55859375
-630.37109375,-44.43359375,-41.9921875,-803.22265625
-1000,-39.0625,-34.1796875,-1000
-958.0078125,-37.109375,-36.1328125,-950.1953125
-1000,-39.0625,-25.87890625,-1000
-999.0234375,-45.8984375,-27.83203125,-943.359375
373.046875,-26.3671875,-31.73828125,474.609375
-896.97265625,-11.71875,-31.73828125,-904.78515625
894.04296875,-28.80859375,-46.38671875,893.5546875
992.67578125,-41.9921875,-45.8984375,993.65234375
906.25,-40.52734375,-38.57421875,901.85546875
-972.65625,-45.8984375,-37.59765625,-941.40625
832.51953125,-44.43359375,-37.109375,622.55859375
-630.37109375,-44.43359375,-41.9921875,-803.22265625
-1000,-57.6171875,-32.71484375,-1000
-979.98046875,-45.8984375,-36.1328125,-943.84765625
-978.02734375,-41.015625,-39.55078125,-999.51171875
-1000,-40.0390625,-46.38671875,-1000
-1000,-32.71484375,-44.921875,-1000
-1000,-25.87890625,-33.203125,-1000
-987.79296875,-25.87890625,-30.76171875,-977.05078125
-960.9375,-39.55078125,-40.52734375,-980.46875
-1000,-47.36328125,-42.48046875,-1000
-45.8984375,-23.92578125,-31.73828125,118.1640625
-946.77734375,-7.32421875,-35.64453125,-919.921875
933.10546875,-19.04296875,-39.55078125,916.50390625
-1000,-57.6171875,-32.71484375,-1000
-979.98046875,-45.8984375,-36.1328125,-943.84765625
-978.02734375,-41.015625,-39.55078125,-999.51171875
-1000,-40.0390625,-46.38671875,-1000
-1000,-32.71484375,-44.921875,-1000
-1000,-25.87890625,-33.203125,-1000
-987.79296875,-25.87890625,-30.76171875,-977.05078125
-960.9375,-39.55078125,-40.52734375,-980.46875
-1000,-47.36328125,-42.48046875,-1000
-45.8984375,-23.92578125,-31.73828125,118.1640625
-946.77734375,-7.32421875,-35.64453125,-919.921875
933.10546875,-19.04296875,-39.55078125,916.50390625
950.68359375,-33.69140625,-34.66796875,961.9140625
970.703125,-44.921875,-43.45703125,969.23828125
966.30859375,-49.31640625,-47.8515625,967.28515625
966.30859375,-47.36328125,-45.8984375,967.28515625
976.07421875,-41.50390625,-40.52734375,979.4921875
929.6875,-38.57421875,-29.78515625,922.36328125
968.75,-49.31640625,-31.25,989.74609375
996.58203125,-54.6875,-41.015625,945.3125
-334.9609375,-54.6875,-41.015625,-439.453125
-1000,-50.78125,-32.2265625,-1000
-931.15234375,-39.0625,-26.3671875,-928.22265625
-1000,-39.0625,-37.109375,-1000
-1000,-39.55078125,-40.0390625,-1000
-1000,-35.64453125,-32.71484375,-1000
-1000,-29.78515625,-27.83203125,-1000
-1000,-30.76171875,-28.3203125,-1000
-937.98828125,-34.66796875,-29.296875,-932.6171875
-1000,-35.64453125,-31.25,-1000
-839.35546875,-24.90234375,-31.25,-731.93359375
630.37109375,-14.6484375,-31.73828125,734.86328125
-925.78125,-30.2734375,-26.85546875,-948.73046875
893.5546875,-40.0390625,-27.83203125,900.87890625
999.51171875,-35.64453125,-31.73828125,998.046875
906.73828125,-35.15625,-23.4375,902.83203125
-974.609375,-36.1328125,-20.5078125,-945.3125
838.8671875,-40.0390625,-27.34375,651.85546875
-622.0703125,-62.5,-27.34375,-778.3203125
-1000,-59.08203125,-22.4609375,-1000
-926.26953125,-50.78125,-35.64453125,-937.98828125
-1000,-51.7578125,-43.9453125,-1000
-1000,-43.45703125,-39.0625,-1000
-1000,-41.015625,-31.25,-1000
-1000,-39.0625,-25.390625,-1000
-945.80078125,-37.59765625,-40.0390625,-943.359375
-1000,-39.55078125,-50.78125,-1000
-915.0390625,-40.52734375,-36.62109375,-893.5546875
526.85546875,-21.97265625,-31.25,559.08203125
-910.15625,-15.625,-41.50390625,-913.57421875
891.6015625,-22.94921875,-44.921875,892.578125
981.4453125,-25.390625,-33.69140625,982.91015625
966.30859375,-31.25,-25.87890625,967.28515625
966.30859375,-30.2734375,-29.78515625,967.28515625
966.30859375,-39.0625,-34.1796875,968.26171875
981.93359375,-48.33984375,-34.1796875,973.14453125
893.06640625,-46.875,-28.3203125,903.80859375
-918.9453125,-39.55078125,-24.4140625,-918.45703125
577.63671875,-45.41015625,-28.80859375,371.09375
-875.9765625,-68.84765625,-34.66796875,-961.9140625
-1000,-55.17578125,-27.83203125,-1000
-941.89453125,-33.69140625,-20.01953125,-957.51953125
-1000,-39.0625,-25.390625,-1000
-1000,-43.9453125,-31.25,-1000
-1000,-34.1796875,-22.94921875,-1000
-1000,-25.87890625,-14.6484375,-1000
-978.515625,-29.296875,-24.4140625,-965.8203125
-976.07421875,-36.1328125,-34.66796875,-1000
-1000,-26.3671875,-32.71484375,-1000
105.46875,-8.7890625,-32.2265625,274.90234375
-913.0859375,-11.71875,-26.85546875,-902.83203125
913.57421875,-29.296875,-30.76171875,902.83203125