966.30859375,-45.8984375,-48.33984375,967.28515625
966.30859375,-34.1796875,-40.52734375,967.28515625
966.30859375,-39.55078125,-40.0390625,966.796875
966.30859375,-39.55078125,-35.64453125,966.796875
966.30859375,-36.1328125,-30.2734375,968.26171875
966.30859375,-27.83203125,-37.109375,957.51953125
966.30859375,-24.90234375,-38.0859375,996.58203125
982.91015625,-39.55078125,-39.0625,866.2109375
905.2734375,-46.875,-43.9453125,752.9296875
-969.7265625,-41.015625,-37.109375,-921.875
821.77734375,-41.9921875,-35.64453125,692.3828125
-643.06640625,-62.5,-46.38671875,-765.13671875
-1000,-57.12890625,-41.9921875,-1000
-927.24609375,-44.921875,-27.34375,-934.5703125
-1000,-42.48046875,-28.3203125,-1000
-1000,-33.203125,-41.50390625,-1000
-1000,-25.390625,-49.31640625,-1000
-1000,-21.484375,-44.43359375,-1000
-1000,-27.83203125,-43.9453125,-1000
-1000,-35.64453125,-46.38671875,-1000
-1000,-42.96875,-52.734375,-1000
-1000,-46.38671875,-55.6640625,-1000
-1000,-39.0625,-48.828125,-991.69921875
-941.40625,-30.2734375,-51.7578125,-957.03125
-1000,-40.0390625,-49.8046875,-1000
-301.26953125,-19.04296875,-35.64453125,-117.1875
977.05078125,0,-25.87890625,-972.65625
970.21484375,-20.01953125,-29.296875,945.80078125
931.640625,-28.80859375,-34.66796875,945.80078125
976.07421875,-27.34375,-33.69140625,973.14453125
966.30859375,-33.203125,-34.66796875,967.28515625
966.30859375,-48.828125,-38.57421875,966.796875
966.796875,-58.10546875,-44.921875,968.26171875
979.00390625,-58.10546875,-48.828125,971.19140625
901.85546875,-58.10546875,-48.828125,908.69140625
-939.453125,-51.26953125,-43.9453125,-927.734375
590.33203125,-50.78125,-42.48046875,367.1875
-821.77734375,-58.59375,-40.52734375,-941.40625
-1000,-42.96875,-40.52734375,-1000
-941.89453125,-39.0625,-42.48046875,-958.0078125
-1000,-43.9453125,-41.015625,-1000
-1000,-38.0859375,-39.55078125,-1000
-1000,-34.1796875,-44.43359375,-1000
-1000,-42.48046875,-44.43359375,-1000
-951.66015625,-50.78125,-40.52734375,-946.2890625
-1000,-48.828125,-40.52734375,-1000
-959.47265625,-47.36328125,-41.50390625,-917.48046875
451.171875,-23.4375,-43.9453125,522.4609375
-902.34375,-13.671875,-39.0625,-909.1796875
892.08984375,-27.34375,-32.71484375,892.578125
979.00390625,-40.0390625,-35.15625,981.93359375
966.30859375,-40.52734375,-30.76171875,966.796875
966.30859375,-38.0859375,-28.80859375,966.796875
966.30859375,-35.15625,-30.2734375,966.796875
983.3984375,-34.1796875,-32.2265625,982.91015625
904.78515625,-39.55078125,-41.50390625,899.90234375
-969.23828125,-34.66796875,-39.55078125,-942.3828125
818.359375,-34.1796875,-34.66796875,686.03515625
-647.4609375,-56.640625,-40.0390625,-772.4609375
-1000,-52.24609375,-41.015625,-1000
-927.24609375,-38.57421875,-40.0390625,-935.05859375
-1000,-37.59765625,-47.36328125,-1000
-1000,-38.0859375,-46.875,-1000
-1000,-41.015625,-43.9453125,-1000
-1000,-44.921875,-49.8046875,-1000
-1000,-40.52734375,-44.43359375,-1000
-934.08203125,-26.85546875,-39.0625,-937.01171875
-1000,-35.64453125,-48.33984375,-1000
-795.41015625,-36.1328125,-45.41015625,-597.65625
681.640625,-21.484375,-35.64453125,804.6875
-935.546875,-34.1796875,-31.73828125,-972.16796875
895.5078125,-44.43359375,-33.203125,909.66796875
983.88671875,-51.26953125,-37.59765625,981.93359375
966.30859375,-57.6171875,-28.80859375,966.796875
966.30859375,-60.546875,-23.4375,966.796875
966.796875,-57.12890625,-25.390625,971.6796875
974.12109375,-60.546875,-29.296875,954.1015625
899.90234375,-53.22265625,-28.80859375,932.6171875
-913.0859375,-41.015625,-28.3203125,-951.171875
382.8125,-61.03515625,-41.50390625,28.80859375
-967.7734375,-79.58984375,-45.41015625,-1000
-1000,-63.4765625,-40.52734375,-975.5859375
-957.03125,-51.7578125,-50.29296875,-981.93359375
-1000,-51.26953125,-58.59375,-1000
-1000,-46.875,-56.15234375,-1000
-1000,-35.15625,-51.7578125,-1000
-1000,-35.15625,-51.26953125,-1000
-934.08203125,-51.26953125,-54.6875,-932.6171875
-1000,-57.6171875,-54.6875,-1000
-794.921875,-31.25,-47.8515625,-641.11328125
682.6171875,0.9765625,-44.921875,795.41015625
-936.03515625,-12.6953125,-46.38671875,-966.30859375
895.5078125,-44.921875,-49.8046875,906.73828125
983.88671875,-53.7109375,-42.48046875,982.91015625
966.30859375,-47.8515625,-36.62109375,966.796875
966.30859375,-49.31640625,-38.57421875,966.796875
966.30859375,-47.8515625,-42.96875,967.7734375
983.88671875,-46.38671875,-40.0390625,977.5390625
899.4140625,-67.3828125,-43.9453125,903.3203125
-951.171875,-60.546875,-45.8984375,-934.5703125
750.48828125,-45.41015625,-46.875,528.3203125
-727.05078125,-62.01171875,-52.734375,-863.28125
-1000,-58.59375,-50.78125,-1000
-930.17578125,-54.6875,-50.29296875,-945.80078125
-1000,-47.8515625,-59.08203125,-1000
-1000,-41.015625,-58.10546875,-1000
-1000,-37.109375,-42.96875,-1000
-1000,-29.78515625,-43.45703125,-1000
-1000,-37.59765625,-53.7109375,-1000
-1000,-41.015625,-52.734375,-1000
-1000,-39.0625,-50.78125,-1000
-1000,-39.0625,-47.8515625,-1000
-948.73046875,-37.59765625,-44.43359375,-945.3125
-1000,-37.59765625,-44.921875,-1000
-939.94140625,-35.15625,-41.9921875,-913.57421875
487.3046875,-21.484375,-41.015625,529.296875
-905.2734375,-33.203125,-44.921875,-909.66796875
891.6015625,-43.9453125,-43.45703125,892.08984375
979.98046875,-32.71484375,-37.109375,981.93359375
966.30859375,-33.69140625,-36.62109375,967.28515625
966.30859375,-33.203125,-39.0625,966.796875
966.30859375,-35.15625,-40.52734375,967.28515625
966.796875,-41.015625,-41.015625,971.6796875
974.609375,-30.76171875,-37.59765625,954.58984375
899.4140625,-24.90234375,-38.57421875,931.640625
-913.0859375,-26.85546875,-47.36328125,-950.68359375
395.5078125,-43.45703125,-43.45703125,40.52734375
-962.890625,-70.3125,-34.1796875,-1000
-1000,-57.12890625,-41.015625,-977.5390625
-956.0546875,-31.73828125,-43.45703125,-980.95703125
-1000,-25.390625,-40.52734375,-1000
-1000,-27.34375,-35.15625,-1000
-1000,-41.015625,-28.3203125,-1000
-1000,-48.828125,-36.1328125,-1000
-997.55859375,-42.96875,-43.9453125,-980.95703125
-947.265625,-32.71484375,-38.0859375,-974.12109375
-1000,-31.73828125,-33.203125,-1000
-204.58984375,-14.6484375,-41.015625,60.05859375
-989.74609375,6.34765625,-40.0390625,-930.6640625
954.58984375,-16.6015625,-40.0390625,922.8515625
939.453125,-39.0625,-41.015625,958.0078125
973.14453125,-36.1328125,-32.71484375,969.7265625
966.30859375,-27.83203125,-25.87890625,967.28515625
978.02734375,-44.43359375,-31.73828125,981.4453125
923.828125,-51.7578125,-34.1796875,916.50390625
981.4453125,-33.69140625,-34.1796875,-998.046875
965.8203125,-35.15625,-36.62109375,912.109375
-405.2734375,-58.59375,-39.55078125,-506.34765625
-1000,-62.98828125,-43.9453125,-1000
-928.22265625,-43.9453125,-45.41015625,-926.26953125
-1000,-37.109375,-42.48046875,-1000
-1000,-38.0859375,-38.0859375,-1000
-1000,-30.76171875,-38.57421875,-1000
-1000,-24.4140625,-41.9921875,-1000
-1000,-19.53125,-40.0390625,-1000
-986.81640625,-22.4609375,-40.52734375,-970.703125
923.828125,-51.7578125,-34.1796875,916.50390625
981.4453125,-33.69140625,-34.1796875,-998.046875
965.8203125,-35.15625,-36.62109375,912.109375
-405.2734375,-58.59375,-39.55078125,-506.34765625
-1000,-62.98828125,-43.9453125,-1000
-928.22265625,-43.9453125,-45.41015625,-926.26953125
-1000,-37.109375,-42.48046875,-1000
-1000,-38.0859375,-38.0859375,-1000
-1000,-30.76171875,-38.57421875,-1000
-1000,-24.4140625,-41.9921875,-1000
-1000,-19.53125,-40.0390625,-1000
-986.81640625,-22.4609375,-40.52734375,-970.703125
821.2890625,-37.109375,-46.875,644.53125
-644.04296875,-57.12890625,-47.36328125,-797.8515625
-1000,-54.6875,-48.33984375,-1000
-927.24609375,-38.57421875,-45.8984375,-937.98828125
-1000,-36.62109375,-43.45703125,-1000
-1000,-31.25,-41.50390625,-1000
-1000,-27.34375,-38.57421875,-1000
-1000,-35.15625,-41.9921875,-1000
-948.73046875,-34.1796875,-46.38671875,-945.80078125
-1000,-29.296875,-42.48046875,-1000
-938.4765625,-18.5546875,-35.15625,-916.015625
489.2578125,3.90625,-27.34375,525.390625
-905.76171875,-6.34765625,-33.203125,-909.1796875
891.6015625,-29.78515625,-37.59765625,892.08984375
979.98046875,-30.76171875,-39.55078125,981.93359375
966.30859375,-32.71484375,-44.921875,967.28515625
966.30859375,-44.921875,-46.38671875,967.28515625
966.30859375,-43.9453125,-47.36328125,967.28515625
982.421875,-37.109375,-40.52734375,983.3984375
908.69140625,-42.96875,-39.0625,908.69140625
-979.98046875,-42.48046875,-37.59765625,-977.5390625
857.421875,-44.43359375,-38.0859375,853.02734375
-598.14453125,-75.1953125,-48.33984375,-604.00390625
-1000,-75.1953125,-47.8515625,-1000
-925.78125,-43.9453125,-42.96875,-925.78125
-1000,-41.50390625,-50.78125,-1000
-1000,-57.6171875,-56.15234375,-1000
-1000,-56.15234375,-49.8046875,-1000
-1000,-43.45703125,-43.45703125,-1000
-1000,-42.96875,-40.52734375,-1000
-942.87109375,-40.52734375,-39.0625,-941.89453125
-1000,-47.36328125,-43.45703125,-1000
-891.11328125,-47.8515625,-40.52734375,-879.39453125
563.96484375,-23.4375,-37.109375,578.61328125
-914.55078125,-24.90234375,-47.36328125,-916.50390625
891.6015625,-39.0625,-56.15234375,892.578125
981.93359375,-48.33984375,-47.8515625,982.91015625
966.30859375,-49.8046875,-50.29296875,966.796875
966.30859375,-46.38671875,-57.12890625,966.796875
966.30859375,-51.26953125,-49.8046875,967.28515625
983.3984375,-48.33984375,-47.8515625,981.4453125
904.78515625,-35.64453125,-50.29296875,900.87890625
-968.26171875,-27.83203125,-52.734375,-941.40625
814.94140625,-48.33984375,-56.640625,651.3671875
-651.85546875,-82.03125,-51.26953125,-789.0625
-1000,-69.3359375,-42.96875,-1000
-927.24609375,-60.05859375,-42.48046875,-937.5
-1000,-61.03515625,-44.921875,-1000
-1000,-44.921875,-40.0390625,-1000
-1000,-39.55078125,-34.66796875,-1000
-1000,-45.8984375,-33.203125,-1000
-942.87109375,-51.26953125,-38.0859375,-940.91796875
-1000,-47.36328125,-43.9453125,-1000
-891.11328125,-33.69140625,-41.50390625,-871.09375
563.96484375,-8.7890625,-42.48046875,587.890625
-914.55078125,-18.06640625,-51.7578125,-918.45703125
891.6015625,-31.25,-51.7578125,893.06640625
982.421875,-15.625,-46.875,982.91015625
966.30859375,-14.16015625,-47.8515625,966.796875
966.30859375,-19.53125,-52.24609375,966.796875
966.30859375,-22.4609375,-56.640625,967.28515625
983.88671875,-16.11328125,-53.7109375,978.515625
896.484375,-8.7890625,-48.828125,899.90234375
-940.4296875,-10.7421875,-44.921875,-925.29296875
703.61328125,-26.3671875,-40.52734375,518.5546875
-775.390625,-45.8984375,-41.9921875,-884.27734375
-1000,-43.45703125,-36.62109375,-1000
-933.10546875,-43.45703125,-34.1796875,-946.77734375
-1000,-44.921875,-46.38671875,-1000
-1000,-42.96875,-48.828125,-1000
-1000,-45.8984375,-44.921875,-1000
-1000,-45.41015625,-39.55078125,-1000
-979.98046875,-40.52734375,-38.57421875,-964.84375
-973.6328125,-27.34375,-44.921875,-1000
-1000,-25.390625,-45.41015625,-1000
85.44921875,-15.13671875,-38.0859375,286.1328125
-916.9921875,-5.859375,-39.0625,-903.80859375
916.015625,-10.7421875,-48.828125,902.34375
959.9609375,-15.625,-51.26953125,971.19140625
968.26171875,-21.97265625,-46.875,967.7734375
966.30859375,-24.90234375,-45.8984375,966.796875
966.30859375,-30.2734375,-53.22265625,966.796875
982.421875,-24.4140625,-44.43359375,983.3984375
908.69140625,-20.01953125,-37.109375,909.1796875
-979.98046875,-40.52734375,-38.57421875,-964.84375
-973.6328125,-27.34375,-44.921875,-1000
-1000,-25.390625,-45.41015625,-1000
85.44921875,-15.13671875,-38.0859375,286.1328125
-916.9921875,-5.859375,-39.0625,-903.80859375
916.015625,-10.7421875,-48.828125,902.34375
959.9609375,-15.625,-51.26953125,971.19140625
968.26171875,-21.97265625,-46.875,967.7734375
966.30859375,-24.90234375,-45.8984375,966.796875
966.30859375,-30.2734375,-53.22265625,966.796875
982.421875,-24.4140625,-44.43359375,983.3984375
908.69140625,-20.01953125,-37.109375,909.1796875
-979.98046875,-21.97265625,-34.66796875,-978.02734375
857.421875,-32.2265625,-34.66796875,854.4921875
-598.14453125,-62.98828125,-41.015625,-602.05078125
-1000,-60.546875,-42.48046875,-1000
-925.78125,-39.55078125,-38.57421875,-925.78125
-1000,-25.87890625,-32.2265625,-1000
-1000,-25.390625,-35.64453125,-1000
-1000,-35.64453125,-44.921875,-1000
-1000,-32.71484375,-37.109375,-1000
-1000,-29.78515625,-34.66796875,-1000
-942.87109375,-32.2265625,-45.41015625,-938.96484375
-1000,-40.52734375,-47.8515625,-1000
-891.11328125,-45.8984375,-45.41015625,-834.47265625
563.96484375,-14.6484375,-43.45703125,625.9765625
-914.55078125,-17.08984375,-48.828125,-926.26953125
891.6015625,-41.50390625,-51.26953125,895.01953125
982.421875,-40.52734375,-44.921875,983.3984375
966.30859375,-38.0859375,-45.41015625,967.28515625
966.30859375,-44.921875,-44.921875,966.796875
970.703125,-59.5703125,-49.31640625,976.07421875
948.73046875,-58.10546875,-57.12890625,934.08203125
934.5703125,-40.52734375,-43.45703125,964.35546875
-941.40625,-31.25,-40.52734375,-998.53515625
-72.265625,-52.24609375,-47.36328125,-282.71484375
-1000,-63.4765625,-45.8984375,-1000
-956.0546875,-46.875,-46.875,-937.98828125
-990.72265625,-37.59765625,-41.015625,-1000
-1000,-33.69140625,-40.0390625,-1000
-1000,-35.15625,-48.33984375,-1000
-1000,-18.5546875,-46.875,-1000
-1000,-17.578125,-44.43359375,-1000
-1000,-32.2265625,-43.45703125,-1000
-1000,-28.80859375,-45.8984375,-1000
-1000,-33.203125,-47.36328125,-1000
-1000,-41.015625,-41.50390625,-1000
-942.87109375,-36.1328125,-41.9921875,-942.3828125
-1000,-35.15625,-45.41015625,-1000
-891.11328125,-29.78515625,-43.45703125,-887.6953125
563.96484375,-6.8359375,-45.41015625,569.3359375
-914.55078125,-19.53125,-43.9453125,-914.55078125
891.6015625,-41.9921875,-43.9453125,892.578125
981.93359375,-29.78515625,-46.38671875,982.91015625
966.30859375,-20.01953125,-36.1328125,966.796875
966.30859375,-23.4375,-34.66796875,966.796875
966.30859375,-31.73828125,-41.015625,967.28515625
981.4453125,-27.34375,-44.921875,983.3984375
912.59765625,-18.5546875,-45.8984375,909.1796875
-990.72265625,-19.04296875,-41.50390625,-979.00390625
889.6484375,-29.296875,-46.38671875,855.46875
-546.875,-49.8046875,-53.22265625,-599.609375
-1000,-48.828125,-51.7578125,-1000
-925.78125,-41.9921875,-43.45703125,-926.26953125
-1000,-40.52734375,-35.15625,-1000
-1000,-37.59765625,-34.1796875,-1000
-1000,-38.0859375,-35.15625,-1000
-1000,-43.45703125,-32.71484375,-1000
-1000,-60.546875,-34.1796875,-1000
-942.87109375,-61.03515625,-36.1328125,-937.98828125
-1000,-50.78125,-33.203125,-1000
-891.11328125,-44.921875,-35.64453125,-797.36328125
563.4765625,-17.08984375,-38.57421875,657.71484375
-915.0390625,-10.25390625,-41.015625,-934.08203125
891.6015625,-24.90234375,-40.0390625,897.4609375
981.93359375,-29.296875,-41.015625,982.91015625
966.30859375,-27.83203125,-47.8515625,966.796875
966.30859375,-15.13671875,-40.52734375,967.28515625
972.65625,-20.5078125,-39.55078125,977.05078125
941.40625,-30.76171875,-41.9921875,929.6875
946.77734375,-30.76171875,-40.52734375,972.65625
-959.9609375,-25.87890625,-39.0625,986.328125
-184.5703125,-45.41015625,-35.64453125,-346.6796875
-1000,-57.6171875,-41.50390625,-1000
-942.87109375,-40.0390625,-44.921875,-932.12890625
-998.53515625,-35.15625,-44.921875,-1000
-1000,-27.83203125,-50.29296875,-1000
-1000,-18.06640625,-58.10546875,-1000
-1000,-32.2265625,-60.546875,-1000
-1000,-44.43359375,-55.17578125,-1000
-1000,-44.43359375,-61.5234375,-1000
-1000,-47.36328125,-67.87109375,-1000
-1000,-44.43359375,-62.01171875,-1000
-1000,-43.45703125,-57.12890625,-1000
-940.4296875,-45.8984375,-60.05859375,-936.03515625
-1000,-44.921875,-62.01171875,-1000
-867.1875,-36.1328125,-58.10546875,-804.6875
595.21484375,-6.34765625,-57.6171875,665.52734375
-919.921875,-17.578125,-62.01171875,-933.10546875
892.578125,-37.59765625,-61.5234375,896.484375
982.421875,-32.2265625,-52.24609375,983.88671875
966.30859375,-28.3203125,-46.875,966.796875
966.30859375,-18.5546875,-56.15234375,966.796875
966.30859375,-25.390625,-62.5,966.796875
982.421875,-40.0390625,-57.6171875,983.3984375
908.69140625,-33.69140625,-45.41015625,906.73828125
-979.98046875,-29.78515625,-45.41015625,-971.19140625
856.93359375,-46.38671875,-54.19921875,827.63671875
-598.14453125,-59.5703125,-48.828125,-632.8125
-1000,-45.41015625,-50.29296875,-1000
-925.78125,-33.203125,-52.734375,-927.24609375
-1000,-37.59765625,-53.22265625,-1000
-1000,-34.66796875,-56.640625,-1000
-1000,-18.5546875,-62.5,-1000
-1000,-12.20703125,-61.03515625,-1000
-1000,-20.01953125,-57.12890625,-1000
-1000,-21.484375,-61.03515625,-1000
-1000,-24.4140625,-51.26953125,-1000
-1000,-21.97265625,-45.41015625,-1000
-1000,-23.4375,-50.29296875,-994.62890625
-935.546875,-21.97265625,-48.828125,-952.63671875
-1000,-19.04296875,-41.015625,-1000
-390.625,-16.11328125,-36.62109375,-176.26953125
945.3125,-8.7890625,-42.96875,-991.2109375
984.375,-25.390625,-46.875,954.58984375
924.8046875,-31.73828125,-41.50390625,940.91796875
978.02734375,-29.78515625,-40.0390625,974.12109375
966.30859375,-39.55078125,-45.41015625,966.796875
966.30859375,-48.828125,-52.24609375,966.796875
970.21484375,-52.734375,-48.828125,975.5859375
953.61328125,-57.6171875,-40.0390625,936.5234375
927.734375,-64.94140625,-33.203125,960.44921875
-933.59375,-55.6640625,-29.78515625,-990.72265625
5.37109375,-65.91796875,-28.3203125,-250
-1000,-78.125,-33.203125,-1000
-966.30859375,-61.5234375,-35.64453125,-940.91796875
-985.3515625,-49.8046875,-33.203125,-1000
-1000,-30.76171875,-36.62109375,-1000
-1000,-28.3203125,-41.9921875,-1000
-1000,-34.1796875,-39.55078125,-1000
-1000,-31.73828125,-42.48046875,-1000
-950.68359375,-40.0390625,-49.8046875,-945.3125
-1000,-41.9921875,-44.43359375,-1000
-953.125,-25.390625,-39.0625,-912.109375
462.40234375,-4.8828125,-41.50390625,531.25
-903.3203125,-8.7890625,-44.921875,-909.66796875
892.08984375,-26.3671875,-44.43359375,892.08984375
979.4921875,-42.48046875,-47.36328125,981.93359375
966.30859375,-42.96875,-44.43359375,966.796875
966.30859375,-30.76171875,-43.9453125,967.28515625
966.30859375,-31.73828125,-50.29296875,967.28515625
983.88671875,-38.0859375,-51.26953125,979.98046875
898.4375,-35.15625,-47.36328125,898.92578125
-947.75390625,-31.73828125,-47.36328125,-927.734375
736.328125,-40.52734375,-42.96875,557.12890625
-741.69921875,-46.38671875,-40.0390625,-862.79296875
-1000,-39.0625,-41.9921875,-1000
-931.15234375,-35.15625,-35.15625,-943.84765625
-1000,-39.0625,-33.69140625,-1000
-1000,-38.57421875,-39.0625,-1000
-1000,-42.48046875,-40.52734375,-1000
-1000,-34.66796875,-38.0859375,-1000
-1000,-35.15625,-43.9453125,-1000
-1000,-44.43359375,-48.828125,-1000
-1000,-45.41015625,-48.828125,-1000
-1000,-43.45703125,-49.31640625,-1000
-976.5625,-38.57421875,-44.921875,-969.7265625
-979.00390625,-37.109375,-43.45703125,-993.1640625
-1000,-35.64453125,-39.55078125,-1000
131.8359375,-14.16015625,-32.71484375,223.6328125
-908.203125,-11.71875,-36.62109375,-902.83203125
910.64453125,-36.62109375,-47.36328125,904.78515625
962.890625,-41.50390625,-47.36328125,968.75
967.7734375,-42.48046875,-40.52734375,967.7734375
966.30859375,-38.57421875,-42.48046875,966.796875
966.30859375,-44.921875,-49.8046875,967.28515625
977.5390625,-56.15234375,-47.8515625,981.4453125
925.78125,-49.8046875,-39.0625,916.50390625
977.5390625,-47.36328125,-36.1328125,-997.55859375
975.5859375,-52.734375,-39.0625,911.62109375
-384.27734375,-85.44921875,-42.48046875,-507.32421875
-1000,-91.796875,-39.0625,-1000
-929.19921875,-70.80078125,-31.25,-926.26953125
-1000,-62.5,-33.69140625,-1000
-1000,-54.19921875,-39.0625,-1000
-1000,-43.9453125,-40.0390625,-1000
-1000,-36.62109375,-49.31640625,-1000
-1000,-50.78125,-55.17578125,-1000
-1000,-52.24609375,-43.45703125,-1000
-1000,-42.48046875,-37.59765625,-1000
-1000,-40.52734375,-36.62109375,-1000
-1000,-49.31640625,-38.0859375,-1000
-942.87109375,-43.45703125,-45.8984375,-942.3828125
-1000,-36.62109375,-48.33984375,-1000
-891.11328125,-41.50390625,-38.0859375,-889.6484375
563.96484375,-8.7890625,-27.83203125,566.40625
-914.55078125,-11.71875,-37.109375,-914.0625
891.6015625,-28.80859375,-38.0859375,892.578125
981.93359375,-29.78515625,-33.203125,982.91015625
966.30859375,-48.828125,-34.66796875,966.796875
966.30859375,-60.546875,-33.203125,966.796875
966.30859375,-58.10546875,-31.73828125,967.28515625
982.91015625,-51.26953125,-32.2265625,983.3984375
908.69140625,-51.7578125,-34.66796875,905.76171875
-979.98046875,-51.26953125,-37.59765625,-966.796875
856.93359375,-55.17578125,-48.33984375,807.6171875
-598.14453125,-78.61328125,-57.6171875,-653.80859375
-1000,-74.21875,-53.7109375,-1000
-925.78125,-51.26953125,-52.24609375,-928.22265625
-1000,-50.78125,-50.78125,-1000
-1000,-51.7578125,-43.45703125,-1000
-1000,-57.6171875,-42.48046875,-1000
-1000,-59.08203125,-45.41015625,-1000
-1000,-51.26953125,-44.921875,-1000
-1000,-45.8984375,-40.52734375,-983.3984375
-942.87109375,-45.8984375,-39.55078125,-972.16796875
-1000,-50.29296875,-40.52734375,-1000
-275.87890625,-39.55078125,-43.45703125,6.8359375
984.86328125,-23.92578125,-50.29296875,-953.61328125
966.30859375,-35.64453125,-47.8515625,932.6171875
933.59375,-37.109375,-39.0625,953.125
975.5859375,-32.2265625,-36.1328125,971.6796875
966.30859375,-37.109375,-36.1328125,966.796875
970.703125,-41.9921875,-37.109375,976.5625
949.70703125,-34.1796875,-40.0390625,933.10546875
933.10546875,-29.78515625,-38.0859375,967.28515625
-939.453125,-38.0859375,-33.69140625,994.62890625
-53.7109375,-55.6640625,-36.1328125,-298.828125
-1000,-63.96484375,-42.48046875,-1000
-958.49609375,-47.36328125,-46.38671875,-937.5
-989.74609375,-34.66796875,-49.31640625,-1000
-1000,-36.1328125,-55.6640625,-1000
-1000,-40.0390625,-58.10546875,-1000
-1000,-39.0625,-46.38671875,-1000
-1000,-38.57421875,-37.59765625,-1000
-942.87109375,-46.38671875,-45.8984375,-938.4765625
-1000,-47.36328125,-48.828125,-1000
-891.11328125,-38.0859375,-40.52734375,-814.453125
563.96484375,-24.90234375,-40.0390625,641.6015625
-914.55078125,-29.78515625,-47.8515625,-930.6640625
891.6015625,-35.15625,-50.78125,896.484375
981.93359375,-31.25,-43.9453125,982.91015625
966.30859375,-37.109375,-35.15625,967.28515625
966.30859375,-41.015625,-38.0859375,967.28515625
966.30859375,-44.43359375,-39.55078125,968.75
981.4453125,-39.55078125,-40.52734375,968.26171875
893.5546875,-33.203125,-41.9921875,910.15625
-917.48046875,-31.73828125,-33.69140625,-922.36328125
558.59375,-53.22265625,-34.66796875,277.34375
-887.20703125,-76.171875,-42.48046875,-995.1171875
-1000,-61.5234375,-44.43359375,-1000
-943.359375,-53.7109375,-45.41015625,-964.35546875
-1000,-50.29296875,-43.45703125,-1000
-1000,-52.24609375,-42.48046875,-1000
-1000,-53.7109375,-41.9921875,-1000
-1000,-49.31640625,-41.50390625,-1000
-982.421875,-45.41015625,-41.9921875,-967.7734375
-969.23828125,-38.0859375,-39.55078125,-998.046875
-1000,-43.45703125,-39.0625,-1000
41.50390625,-33.69140625,-39.55078125,244.62890625
-925.29296875,-22.4609375,-41.9921875,-908.203125
921.38671875,-35.15625,-43.9453125,906.25
957.03125,-40.52734375,-38.0859375,968.75
968.75,-43.9453125,-36.1328125,968.26171875
966.30859375,-48.828125,-44.43359375,966.796875
966.30859375,-45.41015625,-48.828125,967.28515625
966.30859375,-51.26953125,-37.109375,966.796875
966.30859375,-53.22265625,-33.203125,967.28515625
966.30859375,-47.8515625,-37.59765625,967.28515625
966.30859375,-43.45703125,-34.66796875,966.796875
982.91015625,-38.57421875,-33.69140625,983.3984375
908.69140625,-45.41015625,-43.45703125,908.203125
-979.98046875,-41.50390625,-41.015625,-976.5625
856.93359375,-38.57421875,-38.0859375,849.12109375
-598.14453125,-60.05859375,-37.59765625,-608.88671875
-1000,-53.7109375,-33.69140625,-1000
-925.78125,-35.15625,-35.64453125,-926.26953125
-1000,-32.71484375,-41.015625,-1000
-1000,-44.921875,-45.41015625,-1000
-1000,-45.8984375,-39.55078125,-1000
-1000,-35.15625,-37.109375,-1000
-1000,-35.15625,-47.8515625,-1000
-1000,-36.1328125,-48.828125,-1000
-1000,-44.921875,-45.8984375,-994.62890625
-1000,-52.734375,-43.9453125,-1000
-1000,-41.015625,-42.48046875,-971.6796875
-941.89453125,-27.83203125,-45.41015625,-862.79296875
-1000,-36.1328125,-48.828125,-1000
-884.765625,-23.4375,-43.9453125,-820.80078125
572.75390625,8.7890625,-46.38671875,648.4375
-916.015625,-2.9296875,-49.31640625,-929.6875
892.08984375,-33.69140625,-48.828125,895.5078125
982.421875,-40.52734375,-46.875,983.88671875
966.30859375,-24.90234375,-41.015625,966.796875
966.30859375,-27.83203125,-44.921875,966.796875
966.30859375,-33.69140625,-49.31640625,966.796875
983.88671875,-32.71484375,-42.48046875,980.95703125
898.4375,-36.1328125,-35.64453125,898.4375
-948.2421875,-38.0859375,-35.64453125,-930.17578125
736.81640625,-46.875,-35.64453125,591.30859375
-741.2109375,-69.82421875,-41.50390625,-843.75
-1000,-60.05859375,-46.875,-1000
-931.15234375,-38.0859375,-39.55078125,-941.40625
-1000,-38.57421875,-40.52734375,-1000
-1000,-32.71484375,-45.8984375,-1000
-1000,-18.5546875,-44.921875,-1000
-1000,-24.4140625,-43.9453125,-1000
-1000,-41.50390625,-47.36328125,-1000
-935.546875,-42.48046875,-52.24609375,-935.05859375
-1000,-38.57421875,-50.78125,-1000
-810.05859375,-29.296875,-41.50390625,-625.48828125
666.015625,-11.23046875,-41.9921875,792.96875
-932.6171875,-24.90234375,-46.38671875,-967.7734375
894.53125,-32.71484375,-41.9921875,908.203125
983.3984375,-22.94921875,-41.9921875,982.421875
966.30859375,-27.34375,-40.52734375,966.796875
966.30859375,-41.015625,-36.62109375,966.796875
982.421875,-34.1796875,-36.62109375,983.3984375
908.203125,-21.484375,-35.64453125,908.203125
-979.98046875,-23.92578125,-35.15625,-976.07421875
856.93359375,-38.57421875,-37.109375,847.16796875
-598.14453125,-58.10546875,-41.50390625,-611.328125
-1000,-49.31640625,-43.9453125,-1000
-925.78125,-32.71484375,-38.57421875,-926.26953125
-1000,-34.66796875,-41.9921875,-1000
-1000,-23.4375,-42.48046875,-1000
-1000,-15.625,-41.50390625,-1000
-1000,-19.53125,-41.9921875,-1000
-1000,-25.390625,-45.8984375,-1000
-1000,-18.5546875,-50.78125,-1000
-1000,-16.6015625,-47.8515625,-1000
-1000,-30.76171875,-48.828125,-1000
-1000,-33.203125,-47.8515625,-1000
-932.6171875,-26.3671875,-53.22265625,-929.6875
-1000,-35.64453125,-59.08203125,-1000
-772.94921875,-31.25,-56.640625,-697.75390625
705.078125,-1.46484375,-44.43359375,766.11328125
-940.91796875,-3.90625,-43.9453125,-956.0546875
896.97265625,-31.73828125,-55.17578125,902.83203125
983.88671875,-35.15625,-48.828125,983.88671875
966.30859375,-31.73828125,-41.015625,966.796875
966.30859375,-36.1328125,-42.96875,966.796875
966.30859375,-35.15625,-42.48046875,967.7734375
983.88671875,-31.25,-41.9921875,977.05078125
895.99609375,-31.73828125,-39.0625,901.3671875
-937.5,-32.71484375,-35.15625,-923.828125
691.40625,-43.9453125,-35.15625,471.6796875
-786.62109375,-63.96484375,-41.9921875,-908.69140625
-1000,-52.734375,-45.41015625,-1000
-933.59375,-45.8984375,-38.57421875,-950.1953125
-1000,-43.9453125,-32.2265625,-1000
-1000,-43.9453125,-40.52734375,-1000
-1000,-43.45703125,-46.875,-1000
-1000,-30.2734375,-44.921875,-1000
-1000,-32.2265625,-50.78125,-1000
-1000,-44.43359375,-50.78125,-1000
-1000,-46.38671875,-42.96875,-1000
-1000,-41.015625,-42.96875,-1000
-972.65625,-33.203125,-42.48046875,-965.33203125
-985.83984375,-23.92578125,-45.41015625,-1000
-1000,-19.04296875,-51.26953125,-1000
190.4296875,-5.859375,-49.31640625,284.1796875
-897.94921875,-6.8359375,-46.38671875,-897.94921875
904.296875,-20.5078125,-42.96875,900.390625
966.796875,-26.85546875,-42.96875,971.6796875
966.796875,-23.92578125,-40.52734375,967.28515625
966.30859375,-24.4140625,-41.015625,966.796875
966.30859375,-34.1796875,-51.26953125,966.796875
979.98046875,-42.96875,-53.7109375,982.421875
917.96875,-50.29296875,-47.8515625,912.109375
995.60546875,-45.41015625,-43.9453125,-985.83984375
929.19921875,-33.203125,-40.0390625,878.90625
-478.515625,-55.6640625,-39.55078125,-564.94140625
-1000,-53.7109375,-39.55078125,-1000
-926.26953125,-34.1796875,-34.66796875,-925.78125
-1000,-35.64453125,-35.64453125,-1000
-1000,-40.0390625,-40.52734375,-1000
-1000,-40.52734375,-43.45703125,-1000
-1000,-25.390625,-40.52734375,-1000
-1000,-29.78515625,-42.96875,-1000
-964.35546875,-38.57421875,-51.26953125,-955.56640625
-1000,-37.109375,-52.734375,-1000
-1000,-39.0625,-51.7578125,-979.00390625
299.31640625,-21.97265625,-47.8515625,405.2734375
-894.04296875,-21.484375,-42.48046875,-899.90234375
896.97265625,-40.52734375,-40.52734375,895.01953125
972.65625,-51.26953125,-41.9921875,977.5390625
966.30859375,-42.96875,-40.0390625,967.28515625
966.30859375,-33.69140625,-40.0390625,966.796875
970.21484375,-32.2265625,-46.38671875,974.609375
952.63671875,-23.4375,-44.43359375,939.453125
928.7109375,-26.3671875,-43.9453125,953.61328125
-934.5703125,-32.71484375,-45.8984375,-975.09765625
-6.8359375,-47.36328125,-44.43359375,-208.49609375
-1000,-57.12890625,-47.8515625,-1000
-964.84375,-45.41015625,-45.8984375,-943.359375
-986.328125,-38.0859375,-35.15625,-999.0234375
-1000,-36.1328125,-34.66796875,-1000
-1000,-36.1328125,-41.50390625,-1000
-1000,-31.25,-39.0625,-1000
-1000,-32.2265625,-40.52734375,-1000
-1000,-32.2265625,-40.52734375,-1000
-935.546875,-34.66796875,-42.48046875,-936.5234375
-1000,-45.8984375,-51.7578125,-1000
-811.03515625,-37.109375,-49.8046875,-621.09375
665.0390625,-8.30078125,-45.8984375,788.57421875
-932.12890625,-7.8125,-45.8984375,-967.7734375
894.53125,-21.484375,-44.43359375,908.203125
983.88671875,-23.92578125,-37.59765625,981.93359375
966.30859375,-17.578125,-36.62109375,967.28515625
966.30859375,-26.85546875,-53.22265625,966.796875
982.421875,-39.0625,-57.6171875,983.3984375
908.69140625,-37.59765625,-45.41015625,908.69140625
-979.98046875,-24.4140625,-40.0390625,-976.5625
857.421875,-33.203125,-41.015625,847.65625
-598.14453125,-75.1953125,-43.45703125,-609.86328125
-1000,-70.80078125,-43.9453125,-1000
-925.78125,-47.36328125,-42.48046875,-926.26953125
-1000,-44.921875,-42.48046875,-1000
-1000,-46.875,-38.57421875,-1000
-1000,-46.875,-42.96875,-1000
-1000,-48.33984375,-46.38671875,-1000
-967.28515625,-59.08203125,-40.0390625,-958.984375
-996.09375,-58.10546875,-42.48046875,-1000
-1000,-53.7109375,-47.36328125,-999.0234375
260.7421875,-29.78515625,-49.8046875,364.2578125
-894.04296875,-23.4375,-49.8046875,-897.94921875
899.4140625,-40.0390625,-45.41015625,895.99609375
970.703125,-39.55078125,-46.38671875,976.07421875
966.30859375,-41.015625,-42.48046875,966.796875
966.30859375,-44.921875,-38.57421875,966.796875
966.30859375,-50.78125,-41.9921875,966.796875
975.09765625,-47.8515625,-41.9921875,979.4921875
933.10546875,-46.38671875,-39.55078125,921.875
961.42578125,-58.59375,-40.0390625,990.234375
-987.79296875,-61.5234375,-40.0390625,942.3828125
-292.48046875,-76.171875,-41.015625,-443.359375
-1000,-79.1015625,-48.828125,-1000
-933.59375,-60.546875,-44.921875,-928.22265625
-1000,-63.4765625,-39.55078125,-1000
-1000,-69.3359375,-49.8046875,-1000
-1000,-62.98828125,-47.36328125,-1000
-1000,-65.4296875,-41.015625,-1000
-1000,-53.7109375,-51.26953125,-1000
-942.87109375,-46.875,-56.15234375,-938.96484375
-1000,-60.546875,-57.12890625,-1000
-891.11328125,-64.453125,-56.15234375,-838.37890625
563.96484375,-36.62109375,-51.26953125,622.55859375
-914.55078125,-27.34375,-47.36328125,-925.78125
891.6015625,-35.64453125,-50.29296875,895.01953125
982.421875,-40.52734375,-55.17578125,983.3984375
966.30859375,-47.8515625,-45.8984375,966.796875
966.30859375,-57.6171875,-40.0390625,966.796875
966.30859375,-61.5234375,-42.48046875,967.28515625
966.30859375,-52.24609375,-41.50390625,967.28515625
966.30859375,-48.33984375,-38.57421875,966.796875
966.30859375,-49.31640625,-40.52734375,966.796875
966.30859375,-50.78125,-45.8984375,967.7734375
983.3984375,-48.828125,-47.8515625,978.515625
893.5546875,-47.8515625,-47.8515625,899.4140625
-926.26953125,-45.8984375,-47.8515625,-922.8515625
631.34765625,-53.7109375,-40.0390625,503.41796875
-839.35546875,-71.77734375,-29.296875,-896.97265625
-1000,-66.89453125,-36.1328125,-1000
-937.98828125,-62.5,-47.36328125,-947.75390625
-1000,-61.03515625,-45.8984375,-1000
-1000,-59.5703125,-48.33984375,-1000
-1000,-59.5703125,-51.26953125,-1000
-1000,-58.59375,-49.31640625,-1000
-1000,-60.05859375,-53.7109375,-1000
-1000,-59.5703125,-53.7109375,-1000
-942.87109375,-53.22265625,-46.875,-938.96484375
-1000,-50.29296875,-46.38671875,-1000
-891.11328125,-41.50390625,-47.8515625,-763.671875
563.96484375,-17.578125,-49.8046875,673.33984375
-914.55078125,-35.15625,-48.33984375,-939.94140625
891.6015625,-45.41015625,-39.55078125,899.90234375
982.421875,-37.59765625,-41.9921875,982.421875
966.30859375,-37.59765625,-48.828125,966.796875
966.30859375,-41.9921875,-43.45703125,967.7734375
983.88671875,-48.828125,-35.15625,978.02734375
900.87890625,-49.8046875,-36.62109375,903.3203125
-956.0546875,-51.7578125,-39.55078125,-937.01171875
770.5078125,-70.80078125,-40.52734375,555.17578125
-706.0546875,-95.703125,-37.109375,-842.7734375
-1000,-76.171875,-36.1328125,-1000
-929.19921875,-60.546875,-38.57421875,-944.3359375
-1000,-71.2890625,-41.9921875,-1000
-1000,-61.5234375,-46.875,-1000
-1000,-44.921875,-41.50390625,-1000
-1000,-36.1328125,-35.15625,-1000
-967.7734375,-32.2265625,-37.109375,-955.56640625
-995.1171875,-32.2265625,-36.1328125,-1000
-1000,-24.4140625,-36.62109375,-978.02734375
254.8828125,-9.27734375,-43.9453125,405.2734375
-894.04296875,-12.20703125,-47.8515625,-900.390625
899.4140625,-30.2734375,-45.41015625,895.01953125
970.703125,-29.296875,-41.50390625,977.5390625
966.30859375,-25.390625,-37.109375,966.796875
966.30859375,-38.0859375,-31.25,966.796875
968.75,-48.828125,-32.71484375,973.14453125
959.9609375,-46.875,-36.1328125,945.3125
917.96875,-36.62109375,-34.66796875,944.82421875
-922.8515625,-30.76171875,-37.59765625,-961.9140625
114.74609375,-50.29296875,-40.52734375,-120.60546875
-1000,-61.03515625,-38.0859375,-1000
-981.4453125,-51.26953125,-37.59765625,-954.1015625
-977.05078125,-36.62109375,-37.59765625,-993.1640625
-1000,-27.83203125,-29.296875,-1000
-1000,-23.4375,-23.92578125,-1000
-1000,-29.78515625,-31.25,-1000
-1000,-32.71484375,-29.78515625,-1000
-945.3125,-33.203125,-32.71484375,-942.87109375
-1000,-37.59765625,-41.015625,-1000
-910.15625,-32.71484375,-32.2265625,-890.625
534.1796875,-12.6953125,-28.80859375,564.453125
-911.1328125,-11.23046875,-40.0390625,-914.0625
891.6015625,-30.2734375,-48.828125,892.578125
981.4453125,-29.296875,-41.9921875,982.91015625
966.30859375,-30.76171875,-33.203125,966.796875
966.30859375,-39.55078125,-35.15625,966.796875
966.30859375,-38.0859375,-36.1328125,967.28515625
982.91015625,-32.71484375,-36.62109375,983.3984375
908.203125,-48.828125,-38.57421875,902.83203125
-978.515625,-64.94140625,-40.52734375,-955.56640625
851.5625,-71.2890625,-46.38671875,750.9765625
-604.98046875,-83.0078125,-49.31640625,-708.49609375
-1000,-63.96484375,-41.9921875,-1000
-926.26953125,-41.9921875,-35.64453125,-931.640625
-1000,-32.71484375,-34.1796875,-1000
-1000,-38.0859375,-34.1796875,-1000
-1000,-42.96875,-34.66796875,-1000
-1000,-38.57421875,-33.69140625,-1000
-1000,-33.69140625,-32.71484375,-984.86328125
-942.3828125,-32.2265625,-30.76171875,-968.26171875
-1000,-40.0390625,-32.2265625,-1000
-286.62109375,-30.76171875,-34.1796875,-10.25390625
981.93359375,-28.80859375,-34.66796875,-950.68359375
967.7734375,-48.33984375,-31.73828125,933.10546875
932.6171875,-47.8515625,-29.296875,952.63671875
975.5859375,-44.43359375,-35.64453125,971.6796875
966.30859375,-50.29296875,-35.15625,967.28515625
966.30859375,-49.8046875,-26.3671875,966.796875
982.421875,-38.57421875,-26.85546875,983.3984375
908.69140625,-33.203125,-21.484375,908.69140625
-979.98046875,-26.85546875,-16.11328125,-977.5390625
856.93359375,-22.4609375,-21.97265625,853.02734375
-598.14453125,-53.7109375,-27.83203125,-604.00390625
-1000,-59.5703125,-27.83203125,-1000
-925.78125,-29.296875,-27.83203125,-925.78125
-1000,-19.53125,-27.34375,-1000
-1000,-26.85546875,-38.0859375,-1000
-1000,-30.2734375,-41.50390625,-1000
-1000,-19.04296875,-31.25,-1000
-1000,-28.3203125,-34.66796875,-1000
-942.87109375,-41.50390625,-46.38671875,-940.91796875
-1000,-42.48046875,-45.41015625,-1000
-891.11328125,-37.59765625,-40.52734375,-866.69921875
563.96484375,-9.27734375,-36.1328125,592.7734375
-914.55078125,-16.11328125,-39.55078125,-919.43359375
891.6015625,-30.76171875,-42.96875,893.5546875
981.93359375,-26.3671875,-44.43359375,983.3984375
966.30859375,-24.90234375,-48.828125,966.796875
966.30859375,-30.2734375,-51.7578125,966.796875
972.16796875,-35.64453125,-47.8515625,976.5625
942.87109375,-19.04296875,-40.0390625,932.12890625
943.84765625,-10.25390625,-42.96875,967.7734375
-955.078125,-24.4140625,-48.828125,997.0703125
-157.2265625,-51.26953125,-46.875,-315.91796875
-1000,-52.734375,-41.015625,-1000
-945.80078125,-32.2265625,-37.59765625,-934.08203125
-996.58203125,-37.109375,-43.9453125,-1000
-1000,-46.875,-45.41015625,-1000
-1000,-39.0625,-42.96875,-1000
-1000,-27.34375,-41.015625,-1000
-1000,-24.90234375,-39.0625,-1000
-942.87109375,-20.5078125,-37.59765625,-940.91796875
-1000,-15.625,-32.71484375,-1000
-891.11328125,-18.5546875,-29.78515625,-868.65234375
563.96484375,4.8828125,-35.15625,591.796875
-914.55078125,-4.8828125,-38.57421875,-918.45703125
891.6015625,-18.5546875,-34.66796875,893.06640625
982.421875,-17.08984375,-30.76171875,983.3984375
966.30859375,-31.73828125,-32.71484375,967.28515625
966.30859375,-31.73828125,-39.0625,967.28515625
966.30859375,-29.78515625,-40.52734375,966.796875
966.30859375,-31.25,-38.0859375,967.28515625
966.30859375,-30.2734375,-32.2265625,967.28515625
-942.87109375,-20.5078125,-37.59765625,-940.91796875
-1000,-15.625,-32.71484375,-1000
-891.11328125,-18.5546875,-29.78515625,-868.65234375
563.96484375,4.8828125,-35.15625,591.796875
-914.55078125,-4.8828125,-38.57421875,-918.45703125
891.6015625,-18.5546875,-34.66796875,893.06640625
982.421875,-17.08984375,-30.76171875,983.3984375
966.30859375,-31.73828125,-32.71484375,967.28515625
966.30859375,-31.73828125,-39.0625,967.28515625
966.30859375,-29.78515625,-40.52734375,966.796875
966.30859375,-31.25,-38.0859375,967.28515625
966.30859375,-30.2734375,-32.2265625,967.28515625
966.30859375,-37.59765625,-32.2265625,966.796875
966.30859375,-34.1796875,-37.59765625,966.796875
982.421875,-27.34375,-33.69140625,983.3984375
908.69140625,-29.296875,-27.34375,907.71484375
-979.98046875,-29.296875,-23.4375,-975.09765625
856.93359375,-25.390625,-28.80859375,843.26171875
-598.14453125,-43.45703125,-39.0625,-615.72265625
-1000,-51.26953125,-34.66796875,-1000
-925.78125,-46.38671875,-32.2265625,-926.26953125
-1000,-38.57421875,-34.66796875,-1000
-1000,-27.34375,-32.2265625,-1000
-1000,-24.90234375,-34.66796875,-1000
-1000,-23.4375,-33.69140625,-1000
-1000,-21.97265625,-31.25,-1000
-1000,-36.1328125,-45.41015625,-1000
-929.6875,-49.31640625,-51.26953125,-935.546875
-1000,-53.7109375,-40.0390625,-1000
-715.8203125,-32.71484375,-38.0859375,-498.046875
761.71875,-9.27734375,-48.828125,877.9296875
-953.61328125,-30.76171875,-52.734375,-992.67578125
899.90234375,-42.48046875,-42.48046875,916.9921875
983.88671875,-35.64453125,-30.76171875,980.95703125
966.30859375,-42.48046875,-34.66796875,966.796875
966.30859375,-44.43359375,-39.0625,966.796875
966.30859375,-39.0625,-37.109375,967.28515625
966.30859375,-33.203125,-33.69140625,967.28515625
966.30859375,-31.73828125,-28.80859375,966.796875
966.30859375,-37.109375,-30.76171875,967.28515625
982.421875,-40.52734375,-34.66796875,982.421875
908.69140625,-32.2265625,-36.62109375,904.296875
-979.98046875,-31.25,-41.015625,-957.51953125
856.93359375,-38.57421875,-41.015625,742.1875
-598.14453125,-62.98828125,-30.2734375,-706.0546875
-1000,-68.84765625,-31.25,-1000
-925.78125,-43.45703125,-39.0625,-932.6171875
-1000,-40.0390625,-37.59765625,-1000
-1000,-52.734375,-36.1328125,-1000
-1000,-43.9453125,-41.50390625,-1000
-1000,-43.45703125,-38.57421875,-1000
-969.7265625,-50.78125,-33.69140625,-956.54296875
-991.69921875,-41.015625,-40.52734375,-1000
-1000,-29.296875,-37.59765625,-983.3984375
233.3984375,-12.6953125,-35.64453125,395.5078125
-894.53125,-15.13671875,-42.96875,-899.90234375
900.390625,-34.1796875,-44.921875,895.01953125
969.23828125,-38.0859375,-47.36328125,977.05078125
966.30859375,-37.59765625,-42.48046875,966.796875
966.30859375,-37.109375,-35.64453125,967.28515625
966.30859375,-41.9921875,-45.41015625,967.28515625
966.30859375,-49.8046875,-44.43359375,969.23828125
983.3984375,-47.36328125,-36.1328125,970.21484375
894.53125,-37.59765625,-32.71484375,912.109375
-932.12890625,-38.57421875,-31.25,-937.98828125
663.57421875,-49.31640625,-34.1796875,348.6328125
-811.03515625,-63.96484375,-37.109375,-943.84765625
-1000,-58.59375,-38.57421875,-1000
-935.546875,-60.05859375,-41.015625,-958.49609375
-1000,-64.94140625,-42.96875,-1000
-1000,-51.7578125,-38.0859375,-1000
-1000,-42.96875,-38.0859375,-1000
966.30859375,-35.15625,-37.109375,967.28515625
966.30859375,-43.9453125,-35.15625,966.796875
966.30859375,-44.921875,-28.3203125,968.26171875
983.88671875,-33.69140625,-29.296875,975.5859375
897.4609375,-37.59765625,-29.78515625,904.296875
-944.82421875,-40.0390625,-28.3203125,-931.15234375
722.65625,-48.33984375,-34.1796875,472.16796875
-756.34765625,-77.1484375,-42.48046875,-895.01953125
-1000,-75.1953125,-40.52734375,-1000
-931.640625,-49.31640625,-31.73828125,-949.70703125
-1000,-40.0390625,-32.2265625,-1000
-1000,-44.43359375,-36.1328125,-1000
-1000,-46.875,-37.59765625,-1000
-1000,-41.9921875,-31.73828125,-1000
-1000,-43.9453125,-30.76171875,-1000
-1000,-44.921875,-31.73828125,-1000
-1000,-38.57421875,-30.2734375,-1000
-1000,-33.203125,-34.66796875,-1000
-963.37890625,-41.015625,-41.015625,-957.03125
-1000,-52.24609375,-40.0390625,-1000
-1000,-48.33984375,-31.73828125,-987.79296875
308.59375,-19.04296875,-24.90234375,389.16015625
-894.04296875,-20.01953125,-27.83203125,-898.4375
896.484375,-36.62109375,-35.15625,895.01953125
-1000,-46.875,-37.59765625,-1000
-1000,-41.9921875,-31.73828125,-1000
-1000,-43.9453125,-30.76171875,-1000
-1000,-44.921875,-31.73828125,-1000
-1000,-38.57421875,-30.2734375,-1000
-1000,-33.203125,-34.66796875,-1000
-963.37890625,-41.015625,-41.015625,-957.03125
-1000,-52.24609375,-40.0390625,-1000
-1000,-48.33984375,-31.73828125,-987.79296875
308.59375,-19.04296875,-24.90234375,389.16015625
-894.04296875,-20.01953125,-27.83203125,-898.4375
896.484375,-36.62109375,-35.15625,895.01953125
973.14453125,-31.25,-34.66796875,977.05078125
966.30859375,-32.71484375,-36.1328125,967.28515625
966.30859375,-38.57421875,-37.59765625,966.796875
966.30859375,-39.55078125,-37.59765625,966.796875
981.93359375,-30.2734375,-39.55078125,983.3984375
911.1328125,-17.578125,-37.109375,909.1796875
-986.328125,-20.99609375,-27.83203125,-979.00390625
876.953125,-37.109375,-31.73828125,857.91015625
-566.89453125,-61.5234375,-42.48046875,-597.65625
-1000,-57.12890625,-37.59765625,-1000
-925.78125,-30.76171875,-28.80859375,-925.78125
-1000,-21.97265625,-26.85546875,-1000
-1000,-22.4609375,-25.87890625,-1000
-1000,-16.6015625,-23.4375,-1000
-1000,-14.6484375,-28.80859375,-1000
-1000,-14.6484375,-31.73828125,-1000
-942.87109375,-9.765625,-29.78515625,-938.4765625
-1000,-6.34765625,-22.94921875,-1000
-891.11328125,-0.9765625,-22.94921875,-777.34375
563.4765625,13.18359375,-28.3203125,668.9453125
-914.55078125,5.859375,-33.203125,-937.5
891.6015625,-2.9296875,-34.1796875,898.92578125
981.93359375,0.48828125,-35.15625,982.91015625
966.30859375,-9.27734375,-39.0625,967.28515625
966.30859375,-21.97265625,-34.66796875,967.28515625
966.30859375,-13.671875,-32.2265625,967.28515625
966.30859375,-10.7421875,-33.69140625,966.796875
966.30859375,-18.06640625,-27.83203125,966.796875
966.30859375,-14.6484375,-24.4140625,967.28515625
967.7734375,-6.34765625,-31.25,970.703125
968.26171875,-7.32421875,-36.1328125,957.51953125
907.2265625,-21.484375,-40.52734375,924.31640625
-915.52734375,-19.04296875,-39.0625,-932.6171875
266.6015625,-31.73828125,-41.015625,77.63671875
-1000,-45.8984375,-47.36328125,-1000
-1000,-34.1796875,-39.0625,-978.515625
-965.8203125,-25.87890625,-27.34375,-979.4921875
-1000,-11.23046875,-29.78515625,-1000
-1000,-12.6953125,-35.64453125,-1000
-1000,-24.90234375,-37.109375,-1000
-1000,-28.80859375,-29.78515625,-1000
-1000,-28.80859375,-28.3203125,-1000
-946.77734375,-35.64453125,-31.73828125,-942.3828125
-1000,-46.38671875,-35.64453125,-1000
-922.36328125,-37.109375,-30.76171875,-883.7890625
515.13671875,-9.765625,-23.4375,571.77734375
-908.69140625,-11.23046875,-24.4140625,-915.52734375
891.6015625,-23.92578125,-20.99609375,893.06640625
980.95703125,-36.1328125,-22.94921875,982.91015625
966.30859375,-42.96875,-27.34375,966.796875
966.30859375,-50.78125,-28.3203125,966.796875
966.30859375,-58.59375,-26.85546875,967.28515625
981.93359375,-54.6875,-25.390625,982.91015625
911.62109375,-48.33984375,-25.390625,908.69140625
-988.28125,-48.33984375,-29.78515625,-975.5859375
882.32421875,-64.453125,-39.0625,841.796875
-558.59375,-91.30859375,-36.62109375,-612.3046875
-1000,-85.9375,-39.55078125,-1000
-925.78125,-62.98828125,-45.41015625,-926.7578125
-1000,-53.7109375,-42.48046875,-1000
-1000,-50.78125,-42.48046875,-1000
-1000,-45.8984375,-36.62109375,-1000
-1000,-60.546875,-35.15625,-1000
-927.24609375,-57.12890625,-39.0625,-941.40625
-1000,-54.6875,-39.0625,-1000
-611.328125,-35.15625,-34.66796875,-342.7734375
842.28515625,-13.18359375,-34.1796875,950.68359375
-976.07421875,-38.57421875,-38.57421875,980.46875
907.71484375,-49.31640625,-40.0390625,928.7109375
982.421875,-44.921875,-38.0859375,977.5390625
966.30859375,-53.22265625,-43.9453125,967.28515625
966.30859375,-56.640625,-43.9453125,966.796875
966.30859375,-59.5703125,-33.69140625,967.7734375
983.88671875,-56.640625,-30.76171875,978.515625
897.94921875,-44.921875,-34.66796875,900.87890625
-946.2890625,-38.57421875,-30.76171875,-929.6875
729.4921875,-42.48046875,-34.1796875,532.71484375
-749.0234375,-57.6171875,-34.66796875,-869.62890625
-1000,-48.33984375,-24.4140625,-1000
-931.15234375,-45.41015625,-27.34375,-945.80078125
-1000,-53.7109375,-37.59765625,-1000
-1000,-51.7578125,-30.76171875,-1000
-1000,-46.38671875,-26.85546875,-1000
-1000,-32.2265625,-30.76171875,-1000
-964.35546875,-15.13671875,-32.71484375,-937.98828125
801.26953125,-25.390625,-31.25,648.4375
-669.43359375,-48.828125,-34.1796875,-799.31640625
-1000,-41.9921875,-36.62109375,-1000
-927.734375,-33.203125,-41.015625,-937.5
-1000,-31.73828125,-41.015625,-1000
-1000,-34.1796875,-38.0859375,-1000
-1000,-40.52734375,-28.3203125,-1000
-1000,-27.34375,-22.4609375,-1000
-1000,-18.06640625,-20.01953125,-1000
-980.95703125,-23.92578125,-25.87890625,-968.26171875
-972.16796875,-27.83203125,-30.2734375,-996.58203125
-1000,-26.85546875,-33.69140625,-1000
70.3125,-0.48828125,-33.203125,239.74609375
-918.9453125,1.953125,-34.1796875,-906.25
917.96875,-10.7421875,-32.71484375,905.2734375
958.984375,-3.41796875,-26.85546875,969.23828125
968.26171875,-13.18359375,-21.97265625,967.7734375
966.30859375,-34.1796875,-25.87890625,966.796875
966.30859375,-42.96875,-33.69140625,966.796875
966.30859375,-45.41015625,-30.76171875,966.796875
966.30859375,-43.9453125,-26.3671875,967.28515625
966.30859375,-42.96875,-31.73828125,966.796875
981.4453125,-37.59765625,-36.1328125,982.91015625
912.59765625,-41.50390625,-36.1328125,911.1328125
-990.234375,-46.38671875,-31.25,-983.88671875
888.671875,-58.59375,-29.296875,871.58203125
-548.33984375,-83.49609375,-33.203125,-576.171875
-1000,-67.87109375,-31.25,-1000
-925.78125,-40.52734375,-26.3671875,-925.78125
-1000,-42.48046875,-26.3671875,-1000
-1000,-48.828125,-32.71484375,-1000
-1000,-48.828125,-32.2265625,-1000
-1000,-53.22265625,-35.64453125,-1000
-1000,-57.12890625,-44.921875,-1000
-1000,-53.7109375,-41.9921875,-1000
-927.24609375,-57.12890625,-34.1796875,-939.94140625
-1000,-54.6875,-32.2265625,-1000
-650.390625,-35.15625,-32.71484375,-393.06640625
816.89453125,-16.6015625,-34.66796875,925.78125
-968.26171875,-27.83203125,-41.50390625,989.2578125
904.78515625,-28.3203125,-39.0625,924.8046875
983.3984375,-28.3203125,-37.109375,978.515625
966.30859375,-36.1328125,-39.55078125,967.28515625
966.30859375,-46.38671875,-42.48046875,967.7734375
983.88671875,-49.31640625,-42.96875,977.5390625
895.5078125,-46.38671875,-37.59765625,900.87890625
-936.5234375,-51.7578125,-35.64453125,-924.31640625
687.01171875,-65.91796875,-42.96875,491.69921875
-790.52734375,-75.68359375,-48.33984375,-898.92578125
-1000,-63.4765625,-51.26953125,-1000
-934.08203125,-58.59375,-51.7578125,-948.73046875
-1000,-53.22265625,-48.33984375,-1000
-1000,-44.921875,-35.15625,-1000
-1000,-41.015625,-31.73828125,-1000
-1000,-43.45703125,-39.55078125,-1000
-1000,-49.31640625,-45.8984375,-1000
-974.609375,-55.6640625,-39.0625,-959.9609375
-982.421875,-56.640625,-33.69140625,-1000
-1000,-50.78125,-37.109375,-1000
160.15625,-25.87890625,-36.62109375,349.609375
-903.3203125,-20.5078125,-38.57421875,-898.92578125
907.71484375,-36.62109375,-43.9453125,897.94921875
964.84375,-34.66796875,-42.96875,975.09765625
967.28515625,-41.015625,-33.203125,966.796875
966.30859375,-40.0390625,-21.97265625,967.28515625
981.4453125,-38.57421875,-25.390625,983.3984375
913.0859375,-49.8046875,-37.59765625,909.66796875
-991.69921875,-41.015625,-37.59765625,-980.46875
893.06640625,-44.921875,-31.25,860.83984375
-541.9921875,-70.80078125,-30.76171875,-591.30859375
-1000,-74.21875,-34.66796875,-1000
-925.78125,-68.84765625,-38.57421875,-925.78125
-1000,-58.10546875,-39.55078125,-1000
-1000,-51.26953125,-38.0859375,-1000
-1000,-60.05859375,-41.015625,-1000
-1000,-64.453125,-40.0390625,-1000
-1000,-52.734375,-33.69140625,-1000
-1000,-38.0859375,-31.73828125,-1000
-1000,-42.96875,-36.62109375,-1000
-1000,-57.12890625,-32.71484375,-1000
-1000,-59.08203125,-33.69140625,-1000
-941.89453125,-53.22265625,-40.52734375,-937.01171875
-1000,-61.03515625,-43.9453125,-1000
-882.8125,-60.05859375,-36.62109375,-812.98828125
574.70703125,-28.3203125,-27.83203125,650.87890625
-916.50390625,-38.0859375,-30.2734375,-931.15234375
892.08984375,-61.5234375,-35.15625,895.99609375
982.421875,-59.5703125,-32.71484375,983.3984375
966.30859375,-44.921875,-20.5078125,966.796875
965.8203125,-42.96875,-24.4140625,966.796875
967.28515625,-53.22265625,-35.15625,971.19140625
971.19140625,-62.01171875,-33.69140625,953.61328125
903.3203125,-57.12890625,-31.73828125,930.6640625
-912.59765625,-47.36328125,-31.25,-942.3828125
325.68359375,-60.546875,-29.296875,14.16015625
-991.2109375,-80.078125,-29.78515625,-1000
-1000,-73.73046875,-27.34375,-970.703125
-961.42578125,-58.59375,-27.34375,-983.88671875
-1000,-54.6875,-32.71484375,-1000
-1000,-58.10546875,-33.69140625,-1000
-1000,-47.36328125,-26.3671875,-1000
-1000,-34.66796875,-28.3203125,-1000
-1000,-43.45703125,-31.25,-1000
-1000,-53.7109375,-26.3671875,-1000
-1000,-50.29296875,-20.99609375,-1000
-1000,-50.29296875,-22.94921875,-1000
-957.03125,-45.8984375,-26.85546875,-951.66015625
-1000,-52.734375,-25.390625,-1000
-993.1640625,-60.546875,-20.5078125,-955.078125
386.71875,-35.15625,-24.4140625,455.078125
-897.4609375,-27.83203125,-32.2265625,-902.83203125
893.5546875,-47.8515625,-35.64453125,893.5546875
976.5625,-49.31640625,-35.64453125,979.4921875
966.30859375,-48.828125,-28.80859375,967.28515625
966.30859375,-63.4765625,-22.4609375,967.28515625
966.30859375,-68.359375,-29.296875,967.28515625
966.30859375,-52.24609375,-34.1796875,970.703125
979.00390625,-41.50390625,-29.78515625,958.0078125
895.01953125,-45.41015625,-33.69140625,926.26953125
-913.0859375,-40.0390625,-36.62109375,-943.84765625
489.74609375,-57.12890625,-41.015625,102.05078125
-923.828125,-74.21875,-41.50390625,-1000
-1000,-55.17578125,-38.0859375,-985.83984375
-948.73046875,-46.38671875,-47.36328125,-976.5625
-1000,-36.62109375,-50.29296875,-1000
-1000,-41.9921875,-42.96875,-1000
-1000,-49.8046875,-37.109375,-1000
-1000,-44.921875,-38.0859375,-1000
-927.24609375,-44.921875,-39.55078125,-941.40625
-1000,-38.57421875,-39.0625,-1000
-563.96484375,-25.390625,-29.296875,-340.33203125
871.58203125,-18.5546875,-29.78515625,952.63671875
-985.83984375,-27.83203125,-40.52734375,979.4921875
911.1328125,-47.36328125,-45.41015625,928.7109375
981.4453125,-53.7109375,-50.78125,977.5390625
966.30859375,-47.36328125,-45.41015625,966.796875
966.30859375,-40.52734375,-40.0390625,966.796875
966.30859375,-35.64453125,-42.48046875,967.7734375
983.3984375,-36.1328125,-40.52734375,976.5625
895.01953125,-37.109375,-32.2265625,901.3671875
-935.05859375,-29.296875,-29.296875,-923.33984375
676.26953125,-31.73828125,-32.2265625,470.21484375
-799.8046875,-44.921875,-28.80859375,-910.15625
-1000,-31.25,-30.2734375,-1000
-934.5703125,-14.6484375,-37.109375,-950.1953125
-1000,-8.7890625,-45.41015625,-1000
-1000,4.8828125,-50.29296875,-1000
-1000,-1.953125,-45.41015625,-1000
-1000,-3.90625,-39.55078125,-1000
-942.87109375,0.9765625,-43.9453125,-941.89453125
-1000,-11.23046875,-43.9453125,-1000
-891.11328125,-7.8125,-45.8984375,-879.39453125
563.96484375,13.18359375,-45.41015625,579.1015625
-914.55078125,7.8125,-42.96875,-916.50390625
891.6015625,-12.20703125,-46.38671875,892.578125
982.421875,-14.16015625,-39.55078125,983.3984375
966.30859375,-11.23046875,-38.0859375,967.28515625
966.30859375,-19.04296875,-38.0859375,967.28515625
966.30859375,-25.87890625,-37.109375,967.28515625
980.46875,-23.92578125,-38.0859375,982.91015625
916.9921875,-21.97265625,-34.66796875,911.1328125
998.53515625,-24.90234375,-35.64453125,-983.88671875
919.921875,-31.73828125,-41.50390625,872.0703125
-494.62890625,-57.6171875,-38.57421875,-575.1953125
-1000,-55.17578125,-28.80859375,-1000
-926.26953125,-37.109375,-26.85546875,-925.78125
-1000,-34.1796875,-27.83203125,-1000
-1000,-36.1328125,-29.78515625,-1000
-1000,-40.52734375,-29.78515625,-1000
-1000,-39.0625,-28.3203125,-1000
-954.58984375,-29.78515625,-25.390625,-948.73046875
-1000,-28.3203125,-27.34375,-1000
-978.515625,-19.53125,-29.296875,-934.5703125
416.015625,-0.48828125,-26.85546875,492.67578125
-899.4140625,-11.71875,-31.73828125,-905.76171875
892.578125,-30.76171875,-35.15625,892.578125
977.5390625,-30.2734375,-34.1796875,980.95703125
966.30859375,-23.92578125,-40.52734375,966.796875
966.30859375,-22.4609375,-47.36328125,966.796875
966.30859375,-35.64453125,-44.43359375,966.796875
977.5390625,-43.45703125,-35.64453125,981.4453125
925.29296875,-43.9453125,-32.2265625,916.50390625
979.00390625,-48.33984375,-33.203125,-996.58203125
972.16796875,-48.828125,-32.2265625,909.1796875
-391.11328125,-58.10546875,-27.34375,-510.25390625
-1000,-58.10546875,-30.76171875,-1000
-928.7109375,-52.734375,-41.015625,-926.26953125
-1000,-56.15234375,-41.015625,-1000
-1000,-45.8984375,-41.50390625,-1000
-1000,-34.66796875,-42.96875,-1000
-1000,-28.3203125,-37.109375,-1000
-1000,-27.83203125,-30.76171875,-1000
-936.5234375,-27.34375,-34.66796875,-933.59375
-1000,-22.4609375,-38.0859375,-1000
-825.1953125,-20.5078125,-27.34375,-698.73046875
647.94921875,-12.20703125,-31.25,751.46484375
-929.19921875,-14.6484375,-33.203125,-954.58984375
894.04296875,-31.25,-24.90234375,902.83203125
983.3984375,-44.43359375,-18.06640625,983.3984375
966.30859375,-49.31640625,-9.27734375,966.796875
966.30859375,-60.546875,-10.7421875,966.796875
966.30859375,-67.87109375,-7.32421875,969.23828125
982.421875,-72.75390625,-3.41796875,968.26171875
893.06640625,-76.66015625,-0.48828125,911.1328125
-920.8984375,-78.61328125,-7.8125,-926.26953125
591.30859375,-103.515625,-18.06640625,284.66796875
-866.69921875,-139.16015625,-13.671875,-987.3046875
-1000,-134.27734375,-15.625,-1000
-940.91796875,-119.62890625,-13.671875,-963.8671875
-1000,-128.41796875,-11.23046875,-1000
-1000,-139.16015625,-12.6953125,-1000
-1000,-140.13671875,-15.13671875,-1000
-1000,-138.18359375,-17.08984375,-1000
-989.2578125,-140.625,-19.53125,-971.6796875
-958.984375,-137.6953125,-22.4609375,-991.2109375
-1000,-138.18359375,-22.94921875,-1000
-70.80078125,-113.76953125,-21.484375,187.01171875
-953.61328125,-89.35546875,-26.85546875,-916.50390625
936.5234375,-104.4921875,-31.25,912.109375
948.73046875,-117.1875,-36.1328125,965.33203125
971.19140625,-112.3046875,-43.9453125,968.75
966.30859375,-115.72265625,-43.9453125,966.796875
966.30859375,-114.2578125,-42.48046875,967.28515625
966.30859375,-101.5625,-42.48046875,968.26171875
982.91015625,-98.6328125,-41.015625,977.05078125
908.203125,-96.6796875,-41.50390625,910.15625
-978.515625,-87.890625,-45.8984375,-958.0078125
853.02734375,-82.03125,-42.96875,603.02734375
-603.515625,-91.30859375,-32.2265625,-774.4140625
-1000,-95.703125,-31.25,-1000
-925.78125,-95.21484375,-41.9921875,-941.89453125
-1000,-85.9375,-54.19921875,-1000
-1000,-62.01171875,-51.7578125,-1000
-1000,-51.7578125,-38.0859375,-1000
-1000,-58.10546875,-35.15625,-1000
-937.98828125,-60.05859375,-38.0859375,-935.546875
-1000,-56.15234375,-38.57421875,-1000
-840.8203125,-44.921875,-37.59765625,-659.1796875
628.41796875,-17.578125,-45.8984375,769.04296875
-925.78125,-20.01953125,-48.828125,-960.9375
893.5546875,-20.5078125,-42.48046875,905.76171875
983.3984375,-17.578125,-35.15625,982.421875
966.30859375,-26.85546875,-29.296875,966.796875
966.30859375,-27.34375,-35.64453125,967.28515625
970.21484375,-19.53125,-48.33984375,975.5859375
953.125,-13.671875,-42.96875,936.03515625
928.22265625,-24.90234375,-39.55078125,961.42578125
-933.59375,-26.85546875,-41.015625,-994.140625
0.48828125,-35.15625,-45.41015625,-254.8828125
-1000,-51.26953125,-44.921875,-1000
-965.8203125,-45.8984375,-35.15625,-941.40625