-45.8984375,-983.3984375,808.10546875,-48.828125
-35.64453125,-977.5390625,-905.2734375,-28.3203125
-75.68359375,-1000,226.5625,-51.26953125
-89.35546875,-932.6171875,-211.42578125,-40.52734375
-54.19921875,-1000,712.890625,-32.71484375
-54.6875,-546.875,-900.87890625,-52.734375
-41.9921875,858.88671875,822.75390625,-38.0859375
-34.1796875,-984.375,-294.921875,-27.83203125
-42.96875,913.0859375,87.40234375,-27.34375
-9.765625,981.93359375,-942.3828125,-34.1796875
1.953125,967.28515625,973.6328125,-35.64453125
-40.52734375,966.796875,379.39453125,-22.94921875
-39.0625,966.796875,136.23046875,-31.73828125
-16.6015625,966.796875,861.81640625,-42.96875
-24.90234375,967.28515625,-915.52734375,-39.0625
-23.92578125,967.28515625,205.56640625,-18.5546875
-1.953125,967.28515625,-386.71875,-8.30078125
15.625,967.28515625,666.9921875,-31.25
-0.48828125,966.796875,-847.16796875,-33.69140625
-25.87890625,967.28515625,396.484375,-26.85546875
-10.7421875,983.3984375,-422.8515625,-24.90234375
4.39453125,909.1796875,404.296875,-4.39453125
-9.765625,-978.515625,-833.984375,12.20703125
-10.7421875,855.95703125,728.02734375,-16.11328125
-39.0625,-600.5859375,-688.4765625,-16.6015625
-34.66796875,-1000,-224.12109375,0.48828125
-0.9765625,-925.78125,-899.4140625,5.859375
23.92578125,-1000,885.25390625,3.90625
-4.8828125,-1000,-684.5703125,-14.6484375
-41.50390625,-1000,-815.91796875,-12.20703125
3.90625,-1000,823.73046875,25.87890625
24.4140625,-1000,-961.9140625,34.1796875
-1.46484375,-1000,-428.7109375,-27.83203125
-55.17578125,-1000,-1000,-71.77734375
-36.1328125,-1000,214.84375,-43.9453125
-0.9765625,-1000,-874.0234375,-13.18359375
-39.0625,-942.87109375,-13.671875,-41.50390625
-64.453125,-1000,-1000,-65.4296875
-30.2734375,-891.11328125,-86.42578125,-45.41015625
-14.6484375,564.453125,-916.50390625,-29.78515625
-27.34375,-913.57421875,716.30859375,-19.53125
-45.8984375,892.578125,-808.10546875,-21.97265625
-44.43359375,982.91015625,-738.76953125,-40.0390625
-26.3671875,966.796875,853.515625,-28.80859375
-24.4140625,966.796875,972.16796875,-27.83203125
-49.31640625,967.28515625,-638.18359375,-61.5234375
-78.125,967.28515625,-1000,-46.38671875
-23.4375,967.28515625,634.765625,-11.23046875
0,966.796875,-886.23046875,-31.73828125
-46.875,967.28515625,-296.875,-30.76171875
-41.50390625,967.28515625,-1000,-37.109375
-15.13671875,967.28515625,195.80078125,-34.1796875
8.30078125,969.7265625,-849.12109375,-12.6953125
-6.8359375,961.9140625,645.5078125,-23.92578125
-54.6875,917.96875,-523.92578125,-29.78515625
-34.66796875,-924.8046875,-44.43359375,-37.109375
6.8359375,146.97265625,-910.15625,-47.36328125
2.9296875,-1000,757.8125,-37.59765625
-9.27734375,-987.79296875,-781.25,-42.96875
-3.41796875,-974.609375,-982.91015625,-29.78515625
22.94921875,-1000,698.2421875,2.9296875
20.01953125,-1000,-997.55859375,5.859375
-20.5078125,-1000,-662.109375,-48.33984375
-20.99609375,-943.84765625,-1000,-58.10546875
7.32421875,-1000,391.6015625,-45.41015625
24.4140625,-283.203125,-839.35546875,-39.55078125
10.25390625,978.515625,190.91796875,-33.203125
-7.8125,969.7265625,-963.37890625,-53.22265625
13.18359375,933.59375,-31.73828125,-44.921875
29.78515625,976.5625,-874.0234375,-20.99609375
2.44140625,967.28515625,597.16796875,-28.3203125
-24.90234375,967.7734375,-889.16015625,-44.43359375
-6.34765625,978.02734375,-488.28125,-42.96875
30.76171875,897.4609375,-999.0234375,-47.8515625
44.43359375,-918.45703125,875.9765625,-34.66796875
-0.48828125,527.83203125,-732.91015625,-19.53125
-11.71875,-1000,-937.01171875,-31.25
46.875,-391.11328125,710.9375,-14.6484375
42.48046875,-919.921875,-908.203125,-15.625
14.16015625,847.65625,-338.8671875,-44.43359375
14.6484375,-632.32421875,-1000,-35.15625
22.94921875,-1000,339.84375,-16.6015625
37.59765625,-925.78125,-831.0546875,-19.04296875
35.64453125,-1000,159.66796875,-23.4375
43.45703125,-1000,-942.3828125,-15.13671875
43.9453125,-1000,126.953125,0.48828125
21.97265625,-1000,-812.98828125,-10.25390625
19.53125,-933.10546875,439.453125,-18.5546875
6.34765625,-1000,-947.75390625,-23.92578125
32.2265625,-775.390625,-440.91796875,-19.53125
64.453125,701.171875,998.53515625,11.71875
48.828125,-939.453125,924.8046875,-4.39453125
-6.8359375,897.4609375,-684.5703125,-47.8515625
-28.3203125,983.3984375,-923.33984375,-50.78125
5.37109375,968.26171875,732.91015625,-30.76171875
12.6953125,966.796875,-904.296875,-35.15625
-16.6015625,944.82421875,-418.9453125,-57.6171875
-18.5546875,958.984375,-937.01171875,-50.29296875
18.5546875,970.703125,561.5234375,-16.11328125
22.4609375,965.33203125,-814.94140625,-16.6015625
-9.27734375,967.7734375,181.640625,-41.015625
-29.78515625,967.28515625,-776.85546875,-41.9921875
7.8125,980.95703125,354.98046875,-12.20703125
24.90234375,918.9453125,-865.234375,-11.23046875
13.671875,997.0703125,824.70703125,-22.94921875
7.8125,926.26953125,-431.15234375,-41.9921875
-32.2265625,-479.00390625,-590.33203125,-43.45703125
-23.4375,-1000,863.76953125,-13.18359375
-0.9765625,-927.24609375,996.58203125,-12.6953125
-11.71875,-1000,-543.9453125,-43.45703125
-13.671875,-1000,-992.67578125,-40.52734375
0.48828125,-1000,595.703125,0.48828125
11.71875,-1000,-861.328125,-9.765625
-12.20703125,-1000,-185.05859375,-58.59375
-15.625,-1000,-992.67578125,-47.36328125
14.16015625,-1000,332.51953125,-18.5546875
21.97265625,-1000,-809.08203125,-16.11328125
9.765625,-1000,496.09375,-18.5546875
-0.9765625,-965.33203125,-829.58984375,-34.66796875
8.7890625,-1000,-187.98828125,-30.76171875
20.99609375,-1000,-930.17578125,-18.06640625
15.625,288.0859375,897.4609375,-23.4375
-3.41796875,-895.5078125,-479.4921875,-38.0859375
-14.6484375,898.92578125,-642.08984375,-49.8046875
3.41796875,972.65625,792.48046875,-32.71484375
3.41796875,967.28515625,-925.29296875,-13.18359375
-6.34765625,967.28515625,60.05859375,-13.671875
-14.6484375,983.88671875,-874.0234375,-20.99609375
-1.46484375,907.2265625,242.1875,-14.6484375
18.5546875,-984.86328125,-854.00390625,-2.9296875
-8.30078125,877.44140625,-47.8515625,-25.390625
-35.15625,-652.83203125,-1000,-37.59765625
-15.625,-1000,-62.98828125,-9.27734375
25.87890625,485.3515625,-900.390625,-0.48828125
37.59765625,-915.52734375,768.5546875,-20.99609375
-0.48828125,894.04296875,-759.765625,-47.36328125
-27.34375,993.1640625,-558.10546875,-38.57421875
-5.859375,914.0625,978.02734375,-15.13671875
-9.27734375,-991.2109375,909.66796875,-21.484375
-25.390625,893.5546875,-681.640625,-34.1796875
-30.76171875,-540.0390625,-1000,-28.3203125
-10.25390625,-1000,687.5,-9.765625
2.44140625,-925.78125,-993.1640625,-25.390625
-31.73828125,-1000,-655.2734375,-46.875
-46.38671875,-929.6875,-1000,-36.1328125
-27.83203125,-1000,325.68359375,-15.13671875
-0.9765625,-683.10546875,-823.73046875,-15.625
6.8359375,782.71484375,369.62890625,-22.4609375
-27.83203125,-943.84765625,-762.20703125,-26.85546875
-24.4140625,848.6328125,305.6640625,-33.69140625
-11.71875,-970.21484375,-788.0859375,-24.4140625
-17.08984375,883.7890625,427.734375,-23.4375
-40.52734375,-557.12890625,-935.546875,-46.875
-38.57421875,-1000,-752.44140625,-45.8984375
-20.01953125,-925.78125,821.2890625,-23.4375
-18.5546875,-1000,-977.05078125,-22.94921875
-40.0390625,-943.359375,-630.37109375,-41.015625
-51.7578125,-1000,-911.1328125,-42.96875
-13.18359375,-897.4609375,743.1640625,-24.90234375
-5.859375,554.6875,-899.4140625,-14.16015625
-26.3671875,-912.59765625,-422.8515625,-33.203125
-29.78515625,909.1796875,-863.76953125,-39.55078125
-12.20703125,922.36328125,660.64453125,-7.8125
-7.32421875,-972.16796875,-864.2578125,5.859375
-26.85546875,832.51953125,49.8046875,-29.78515625
-48.828125,-629.39453125,-1000,-51.26953125
-51.7578125,-1000,-366.69921875,-37.59765625
-24.4140625,-926.7578125,994.62890625,-13.18359375
-3.41796875,-1000,608.3984375,-13.671875
-27.83203125,-1000,-927.734375,-43.45703125
-37.109375,-1000,-765.625,-38.0859375
-4.39453125,-952.63671875,833.984375,-17.578125
-12.6953125,-1000,904.78515625,-29.296875
-58.10546875,-962.890625,-766.11328125,-42.96875
-46.875,442.3828125,-863.28125,-35.64453125
-20.5078125,-901.3671875,757.8125,-19.53125
-26.3671875,893.06640625,-961.42578125,-22.4609375
-42.48046875,979.4921875,-422.36328125,-41.50390625
-43.45703125,967.28515625,-1000,-41.015625
-36.1328125,967.28515625,-21.484375,-31.25
-27.83203125,966.796875,-922.36328125,-15.13671875
-29.78515625,967.28515625,540.0390625,-37.109375
-44.921875,967.28515625,-876.953125,-56.15234375
-32.71484375,983.88671875,-307.12890625,-54.19921875
1.46484375,905.2734375,-968.75,-42.48046875
11.23046875,-965.33203125,914.55078125,-36.62109375
-17.578125,808.59375,-487.79296875,-43.9453125
-32.71484375,-657.71484375,-1000,-37.59765625
-17.578125,-1000,281.25,-22.4609375
-2.44140625,-927.734375,881.34765625,-5.37109375
-32.71484375,-1000,-678.22265625,-22.94921875
-46.38671875,-1000,-1000,-41.9921875
-25.390625,-1000,293.9453125,-26.3671875
-10.25390625,-1000,-914.55078125,-13.18359375
-41.015625,-942.87109375,-150.390625,-19.04296875
-53.7109375,-1000,-1000,-36.62109375
-29.296875,-891.11328125,79.58984375,-44.43359375
-7.32421875,564.453125,-914.55078125,-19.04296875
-14.16015625,-914.0625,823.2421875,-11.71875
-29.78515625,892.578125,-565.4296875,-29.296875
-22.94921875,982.91015625,-813.96484375,-19.53125
-17.578125,966.796875,813.96484375,-12.20703125
-18.06640625,967.28515625,804.19921875,-16.6015625
-36.62109375,967.28515625,-880.37109375,-24.4140625
-35.15625,967.28515625,-863.76953125,-26.85546875
-16.11328125,967.28515625,741.2109375,-17.08984375
-8.30078125,967.28515625,-905.2734375,-20.5078125
-23.92578125,969.23828125,-402.34375,-30.76171875
-58.10546875,965.8203125,-1000,-21.97265625
-31.73828125,912.59765625,567.87109375,-13.18359375
3.90625,-919.43359375,-850.09765625,-11.71875
-26.3671875,211.42578125,-53.22265625,-31.25
-63.4765625,-1000,-1000,-34.66796875
-42.96875,-996.58203125,-189.94140625,-24.4140625
-17.08984375,-969.7265625,-934.5703125,-14.16015625
-16.11328125,-1000,459.47265625,-4.39453125
-37.59765625,-1000,-992.1875,-18.06640625
-40.52734375,-1000,-761.71875,-11.23046875
-3.41796875,-1000,838.37890625,6.34765625
35.64453125,-941.40625,894.53125,3.90625
-22.4609375,-1000,-812.01171875,-39.55078125
-38.57421875,-858.88671875,-892.578125,-20.01953125
17.578125,522.94921875,775.390625,16.11328125
9.27734375,-841.796875,-966.796875,-1.953125
-27.83203125,669.921875,-560.546875,-37.109375
-56.640625,-702.1484375,-1000,-58.59375
-41.50390625,-1000,372.0703125,-37.59765625
-5.37109375,-956.0546875,-854.98046875,-22.4609375
-22.4609375,-992.1875,291.015625,-34.1796875
-30.76171875,415.52734375,-429.6875,-41.015625
-3.90625,-899.4140625,357.91015625,-21.97265625
1.953125,894.04296875,-873.046875,-6.34765625
-13.671875,978.02734375,718.26171875,-35.15625
-37.59765625,974.609375,-694.3359375,-44.921875
-25.390625,940.4296875,-289.55078125,-19.53125
6.34765625,952.1484375,-950.1953125,2.44140625
3.41796875,-972.16796875,883.7890625,-11.71875
-15.625,-202.1484375,-631.8359375,-4.39453125
-25.390625,-1000,-1000,-16.6015625
-21.97265625,-943.84765625,446.77734375,-37.59765625
12.6953125,-999.0234375,-991.69921875,-14.16015625
-13.18359375,-1000,-519.53125,-36.62109375
-40.0390625,-1000,-1000,-50.78125
-13.18359375,-1000,-34.66796875,-34.66796875
20.01953125,-1000,-969.23828125,-10.25390625
27.34375,-1000,343.26171875,3.41796875
-14.16015625,-1000,-1000,-23.4375
-18.06640625,-1000,-491.69921875,-42.48046875
4.8828125,-1000,976.07421875,-18.06640625
0.48828125,-1000,557.6171875,-22.94921875
2.44140625,-942.87109375,-922.36328125,-36.1328125
-7.8125,-1000,-1000,-22.4609375
6.34765625,-891.11328125,385.7421875,-18.06640625
33.203125,564.453125,-952.63671875,-5.37109375
10.7421875,-913.57421875,-481.93359375,-13.671875
1.46484375,892.578125,-1000,-20.5078125
23.4375,983.3984375,515.625,-1.46484375
45.8984375,967.28515625,-827.1484375,-15.13671875
48.33984375,967.28515625,537.109375,-5.859375
-1.953125,967.28515625,-667.48046875,-11.23046875
8.30078125,982.91015625,90.8203125,-34.66796875
38.57421875,910.64453125,-833.984375,-27.83203125
9.765625,-982.91015625,218.75,-35.15625
-5.37109375,869.140625,-1000,-53.22265625
-5.859375,-580.078125,-831.54296875,-49.8046875
31.25,-1000,756.34765625,-21.97265625
25.87890625,-891.11328125,766.11328125,-20.99609375
-33.69140625,-1000,-907.71484375,-43.45703125
-10.25390625,-1000,-893.06640625,-28.3203125
44.921875,280.76171875,716.796875,19.53125
50.29296875,-894.53125,-929.6875,-2.9296875
24.4140625,899.4140625,-423.33984375,-48.828125
-2.9296875,973.14453125,-1000,-46.38671875
29.296875,980.95703125,346.6796875,-27.83203125
53.7109375,897.94921875,-831.54296875,-8.30078125
33.69140625,-923.828125,63.4765625,-10.7421875
26.85546875,549.8046875,-1000,-28.3203125
36.1328125,-875,-41.015625,-11.71875
36.1328125,-1000,-937.5,-37.59765625
23.92578125,-944.3359375,-59.5703125,-57.12890625
18.5546875,-1000,-1000,-36.1328125
23.92578125,-1000,-565.91796875,-32.2265625
68.84765625,-1000,870.1171875,-18.5546875
66.89453125,-942.3828125,762.20703125,-25.390625
33.203125,-1000,-872.55859375,-42.96875
39.0625,-885.25390625,-957.51953125,-34.66796875
37.59765625,572.265625,684.08203125,-8.30078125
56.640625,-915.0390625,-940.4296875,-16.6015625
45.8984375,892.578125,-485.83984375,-39.0625
34.1796875,983.3984375,-1000,-41.9921875
70.3125,967.28515625,265.13671875,-20.99609375
108.88671875,967.28515625,-899.90234375,4.39453125
62.98828125,967.7734375,-168.45703125,-28.80859375
27.83203125,979.98046875,-1000,-41.9921875
49.8046875,896.97265625,-158.203125,-5.859375
79.58984375,-916.50390625,-946.2890625,-27.83203125
57.12890625,503.90625,403.80859375,-50.29296875
-5.859375,-909.66796875,-965.33203125,-56.640625
0.48828125,-1000,-1000,-41.50390625
38.57421875,-947.265625,420.41015625,-36.62109375
62.98828125,-1000,993.65234375,-28.80859375
46.38671875,-1000,-623.53515625,-39.55078125
3.90625,-1000,-1000,-49.31640625
47.8515625,-1000,499.51171875,-25.390625
72.75390625,-1000,-938.4765625,17.08984375
34.66796875,-1000,-375,-36.62109375
9.27734375,-1000,-1000,-67.87109375
41.015625,-1000,-238.28125,-31.25
81.0546875,-1000,930.17578125,-18.06640625
44.43359375,-1000,146.484375,-20.5078125
9.765625,-1000,-1000,-54.19921875
18.06640625,-1000,-827.1484375,-33.203125
54.19921875,-1000,591.796875,-4.8828125
54.19921875,-945.3125,606.4453125,-18.5546875
23.4375,-1000,-962.40234375,-46.38671875
38.57421875,-910.15625,-898.4375,-62.01171875
49.8046875,534.66796875,685.546875,-38.57421875
62.01171875,-910.15625,-945.80078125,-26.3671875
62.5,892.578125,-228.02734375,-40.0390625
22.94921875,982.421875,-1000,-53.7109375
32.71484375,967.28515625,169.43359375,-35.64453125
28.3203125,967.28515625,-973.6328125,-43.45703125
-0.9765625,967.28515625,-323.73046875,-46.875
22.4609375,967.28515625,-1000,-19.53125
38.0859375,967.28515625,-169.921875,-36.62109375
33.203125,967.28515625,990.234375,-51.7578125
1.46484375,967.28515625,195.3125,-62.01171875
-36.62109375,967.28515625,-1000,-74.21875
-20.01953125,984.86328125,-585.44921875,-55.6640625
28.3203125,899.4140625,871.09375,-42.96875
48.33984375,-947.265625,958.49609375,-40.52734375
-24.90234375,736.328125,-640.625,-39.0625
-63.96484375,-739.74609375,-1000,-55.17578125
-9.27734375,-1000,643.5546875,-45.8984375
8.30078125,-931.15234375,959.47265625,-18.06640625
-15.625,-1000,-719.7265625,-20.01953125
-12.6953125,-1000,-1000,-26.3671875
38.0859375,-1000,421.875,-31.25
32.2265625,-1000,-892.578125,-24.90234375
-35.15625,-944.3359375,-254.39453125,-36.1328125
-34.66796875,-1000,-1000,-49.8046875
12.20703125,-270.5078125,32.2265625,-28.80859375
20.99609375,984.86328125,-888.671875,-7.32421875
6.8359375,967.28515625,255.859375,-22.4609375
-17.08984375,940.4296875,-1000,-49.8046875
-4.39453125,954.58984375,-709.9609375,-31.73828125
29.78515625,943.359375,847.65625,-18.5546875
10.25390625,-958.0078125,855.95703125,-19.53125
-28.80859375,-124.51171875,-798.828125,-33.203125
-23.4375,-1000,-997.55859375,-50.29296875
13.671875,-954.58984375,600.09765625,-25.390625
25.87890625,-993.1640625,968.75,-10.25390625
12.20703125,-948.2421875,-660.15625,-42.96875
15.625,-1000,-1000,-33.203125
34.66796875,-270.5078125,393.06640625,-3.41796875
39.55078125,978.02734375,-854.98046875,-30.2734375
19.53125,968.75,-27.34375,-48.33984375
16.11328125,934.5703125,-1000,-41.9921875
17.08984375,976.5625,-151.3671875,-34.66796875
19.04296875,967.28515625,-932.12890625,-31.73828125
-9.27734375,967.28515625,597.65625,-37.59765625
-46.875,983.3984375,-900.390625,-43.45703125
-36.1328125,908.203125,-846.6796875,-32.2265625
-2.9296875,-975.5859375,800.29296875,-6.34765625
-0.48828125,846.19140625,903.3203125,-2.9296875
-29.78515625,-612.79296875,-753.41796875,-34.1796875
-42.96875,-1000,-1000,-32.2265625
-3.41796875,-926.26953125,485.3515625,-10.7421875
8.7890625,-1000,-907.2265625,-18.06640625
-45.8984375,-1000,-356.4453125,-35.64453125
-44.43359375,-941.40625,-1000,-36.62109375
5.37109375,-1000,211.42578125,-26.85546875
-9.27734375,967.28515625,597.65625,-37.59765625
-46.875,983.3984375,-900.390625,-43.45703125
-36.1328125,908.203125,-846.6796875,-32.2265625
-2.9296875,-975.5859375,800.29296875,-6.34765625
-0.48828125,846.19140625,903.3203125,-2.9296875
-29.78515625,-612.79296875,-753.41796875,-34.1796875
-42.96875,-1000,-1000,-32.2265625
-3.41796875,-926.26953125,485.3515625,-10.7421875
8.7890625,-1000,-907.2265625,-18.06640625
-45.8984375,-1000,-356.4453125,-35.64453125
-44.43359375,-941.40625,-1000,-36.62109375
5.37109375,-1000,211.42578125,-26.85546875
-24.4140625,-872.0703125,116.69921875,-44.43359375
-9.27734375,-1000,959.9609375,-39.55078125
-17.08984375,-958.0078125,-348.6328125,-44.43359375
-22.4609375,-945.80078125,-1000,-58.59375
-22.94921875,-1000,-201.66015625,-57.6171875
-12.20703125,-614.2578125,998.53515625,-56.15234375
-12.20703125,824.21875,600.5859375,-68.359375
-38.57421875,-962.890625,-923.828125,-73.2421875
-52.24609375,872.55859375,-613.28125,-82.03125
-44.921875,985.3515625,933.10546875,-70.3125
-38.57421875,995.60546875,814.453125,-74.70703125
-72.265625,-327.63671875,-814.453125,-107.91015625
-80.56640625,-1000,-997.0703125,-101.5625
-29.78515625,-932.6171875,697.75390625,-76.171875
-41.50390625,-1000,985.3515625,-86.9140625
-77.1484375,-929.19921875,-660.64453125,-105.95703125
-57.6171875,-1000,-950.1953125,-90.8203125
-17.578125,-587.40234375,397.94921875,-64.94140625
3.41796875,850.09765625,-885.7421875,-59.5703125
-13.18359375,-979.00390625,79.58984375,-67.87109375
-35.15625,918.9453125,-1000,-71.77734375
-9.27734375,950.1953125,-396.97265625,-50.78125
41.015625,961.42578125,973.6328125,-16.11328125
27.83203125,-984.86328125,521.484375,-37.59765625
-80.56640625,-1000,-997.0703125,-101.5625
-29.78515625,-932.6171875,697.75390625,-76.171875
-41.50390625,-1000,985.3515625,-86.9140625
-77.1484375,-929.19921875,-660.64453125,-105.95703125
-57.6171875,-1000,-950.1953125,-90.8203125
-17.578125,-587.40234375,397.94921875,-64.94140625
3.41796875,850.09765625,-885.7421875,-59.5703125
-13.18359375,-979.00390625,79.58984375,-67.87109375
-35.15625,918.9453125,-1000,-71.77734375
-9.27734375,950.1953125,-396.97265625,-50.78125
41.015625,961.42578125,973.6328125,-16.11328125
27.83203125,-984.86328125,521.484375,-37.59765625
4.8828125,517.578125,-80.56640625,-12.6953125
-17.08984375,-900.87890625,-1000,-19.53125
-1.953125,-1000,-9.27734375,-3.90625
37.109375,-953.61328125,-878.90625,5.859375
41.015625,-951.171875,564.94140625,3.90625
9.27734375,-1000,-895.5078125,-1.46484375
7.8125,-411.1328125,-395.5078125,-2.44140625
36.1328125,931.15234375,-975.09765625,14.16015625
36.1328125,990.234375,907.2265625,13.671875
7.8125,923.828125,-693.84765625,0
10.7421875,979.4921875,-965.33203125,0
34.1796875,967.28515625,660.64453125,3.90625
13.18359375,967.28515625,-860.3515625,14.6484375
-0.9765625,967.28515625,-98.14453125,6.8359375
-22.94921875,967.28515625,-971.19140625,-9.765625
-4.8828125,980.46875,373.53515625,-4.39453125
9.27734375,919.43359375,-855.46875,5.859375
-32.2265625,995.1171875,403.80859375,-14.16015625
-40.52734375,931.640625,-694.3359375,-35.15625
-29.78515625,-470.703125,-550.78125,-15.13671875
-17.578125,-1000,902.83203125,2.9296875
-20.01953125,-926.7578125,735.83984375,-10.25390625
-35.64453125,-1000,-879.39453125,-20.99609375
-25.390625,-1000,-924.8046875,-22.4609375
4.8828125,-1000,635.25390625,-25.390625
4.39453125,-1000,-907.2265625,-20.5078125
-15.13671875,-957.51953125,-407.2265625,-19.04296875
-34.66796875,-1000,-1000,-32.71484375
-7.32421875,-993.1640625,448.2421875,-29.78515625
16.6015625,381.8359375,-816.40625,-6.8359375
-18.06640625,-897.4609375,213.8671875,0
-43.45703125,895.01953125,-904.78515625,-28.3203125
-23.92578125,977.05078125,127.9296875,-25.87890625
5.859375,967.28515625,-824.70703125,-5.859375
-14.16015625,967.28515625,415.0390625,-30.2734375
-49.31640625,967.28515625,-960.44921875,-55.6640625
4.8828125,-1000,635.25390625,-25.390625
4.39453125,-1000,-907.2265625,-20.5078125
-15.13671875,-957.51953125,-407.2265625,-19.04296875
-34.66796875,-1000,-1000,-32.71484375
-7.32421875,-993.1640625,448.2421875,-29.78515625
16.6015625,381.8359375,-816.40625,-6.8359375
-18.06640625,-897.4609375,213.8671875,0
-43.45703125,895.01953125,-904.78515625,-28.3203125
-23.92578125,977.05078125,127.9296875,-25.87890625
5.859375,967.28515625,-824.70703125,-5.859375
-14.16015625,967.28515625,415.0390625,-30.2734375
-49.31640625,967.28515625,-960.44921875,-55.6640625
-16.6015625,-948.2421875,-1000,-16.6015625
3.90625,-1000,-31.25,-4.8828125
12.6953125,-932.12890625,-883.30078125,6.8359375
3.90625,497.55859375,633.7890625,-15.13671875
-21.97265625,-900.87890625,-819.3359375,-46.38671875
-17.08984375,873.53515625,-272.94921875,-36.62109375
8.30078125,953.61328125,-918.9453125,-10.25390625
5.859375,-949.70703125,781.25,-11.71875
-30.2734375,-91.30859375,-720.703125,-31.25
-43.9453125,-1000,-1000,-38.0859375
-19.04296875,-955.56640625,394.53125,-26.3671875
-19.53125,-1000,-984.375,-18.06640625
-27.83203125,-940.91796875,-573.73046875,-37.109375
-45.41015625,-1000,-1000,-51.7578125
-17.08984375,-833.0078125,274.90234375,-17.08984375
21.97265625,634.27734375,-849.12109375,-9.27734375
-20.01953125,-926.7578125,21.97265625,-44.921875
-67.87109375,895.01953125,-1000,-70.80078125
-55.17578125,983.88671875,88.8671875,-61.03515625
-35.15625,967.28515625,-873.046875,-39.0625
-51.7578125,967.28515625,588.37890625,-41.015625
-73.2421875,967.28515625,-805.6640625,-49.8046875
-54.19921875,967.28515625,-745.60546875,-24.4140625
-45.41015625,967.28515625,858.3984375,-1.953125
-80.56640625,967.28515625,908.69140625,-24.90234375
-103.02734375,966.796875,-708.49609375,-41.9921875
-104.4921875,967.28515625,-1000,-49.31640625
-79.1015625,966.796875,421.38671875,-25.87890625
-68.84765625,966.796875,-913.0859375,-8.30078125
-91.30859375,967.28515625,-250.9765625,-32.2265625
-75.68359375,982.91015625,-1000,-21.97265625
-34.1796875,896.484375,290.0390625,7.32421875
-48.828125,-929.19921875,-839.84375,-7.8125
-71.2890625,622.0703125,132.8125,-26.85546875
-89.35546875,-833.0078125,-1000,-38.57421875
-71.2890625,-1000,-358.3984375,-39.55078125
-38.0859375,-938.96484375,-985.3515625,-2.44140625
-22.94921875,-1000,496.58203125,11.23046875
-17.578125,-1000,-983.88671875,-14.16015625
-27.83203125,-1000,-848.14453125,-23.4375
-13.18359375,-1000,757.8125,-13.671875
-4.8828125,-1000,956.0546875,-14.16015625
-37.59765625,-1000,-640.13671875,-26.3671875
-42.48046875,-1000,-1000,-32.2265625
-4.8828125,-1000,184.08203125,-9.765625
22.94921875,-1000,979.4921875,4.39453125
3.41796875,-941.40625,-335.9375,-22.4609375
-39.55078125,-1000,-1000,-21.97265625
-15.625,-877.44140625,-371.58203125,-9.27734375
56.640625,581.54296875,956.54296875,20.99609375
38.57421875,-916.9921875,728.02734375,11.71875
-47.36328125,893.06640625,-876.46484375,-41.015625
-52.734375,983.3984375,-786.62109375,-31.73828125
-22.4609375,967.28515625,864.2578125,5.859375
-25.87890625,967.28515625,868.1640625,16.11328125
-46.875,979.4921875,-813.4765625,-24.4140625
-56.15234375,924.31640625,-973.6328125,-24.90234375
-28.80859375,984.375,729.98046875,1.46484375
-17.08984375,960.9375,976.07421875,2.9296875
-33.69140625,-413.0859375,-625.9765625,-9.27734375
-68.84765625,-1000,-1000,-43.45703125
-52.24609375,-928.7109375,42.96875,-44.43359375
-5.859375,-1000,988.28125,-19.53125
-59.5703125,-932.12890625,-294.43359375,-32.2265625
-88.8671875,-1000,-1000,-61.03515625
-51.7578125,-628.90625,73.2421875,-44.921875
-29.296875,806.15234375,-879.8828125,-29.296875
-35.64453125,-968.75,399.4140625,-28.3203125
-48.828125,907.71484375,-998.046875,-35.15625
-37.109375,982.91015625,-495.60546875,-30.2734375
-21.484375,966.796875,966.796875,-11.71875
-30.2734375,967.28515625,895.99609375,-36.1328125
-42.48046875,978.02734375,-716.30859375,-59.08203125
-64.94140625,927.734375,-985.83984375,-49.8046875
-50.78125,975.09765625,698.73046875,-38.0859375
-38.0859375,974.12109375,-948.2421875,-39.0625
-75.1953125,-306.640625,-628.90625,-54.6875
-75.68359375,-1000,-1000,-43.9453125
-49.8046875,-367.67578125,609.375,-35.15625
-38.0859375,947.265625,-879.39453125,-30.2734375
-55.17578125,977.05078125,-75.1953125,-40.52734375
-64.453125,-459.9609375,-1000,-46.875
2.9296875,-1000,-390.13671875,-5.859375
-19.04296875,-928.7109375,972.65625,-2.9296875
-67.3828125,-1000,459.47265625,-20.99609375
-43.9453125,-1000,-1000,-34.66796875
-32.2265625,-1000,-679.19921875,-24.90234375
-18.06640625,-1000,852.05078125,-14.16015625
-20.5078125,-935.05859375,956.54296875,-18.5546875
-54.6875,-1000,-694.82421875,-16.11328125
-31.25,-782.71484375,-970.21484375,-16.6015625
-1.953125,684.08203125,680.17578125,-26.3671875
-3.41796875,-937.5,-923.828125,-24.90234375
-12.6953125,897.4609375,-308.59375,-23.92578125
6.8359375,983.88671875,-1000,-21.97265625
23.92578125,983.88671875,-81.54296875,-6.8359375
39.0625,904.296875,-981.93359375,-0.9765625
44.43359375,-962.890625,355.95703125,-4.39453125
-12.20703125,796.38671875,-1000,-28.3203125
-24.4140625,-669.921875,-708.0078125,-51.7578125
32.2265625,-1000,829.58984375,-31.25
51.26953125,-928.7109375,850.09765625,-19.53125
7.8125,-1000,-754.39453125,-44.921875
-0.9765625,-1000,-1000,-52.734375
35.64453125,-1000,467.28515625,-38.0859375
56.640625,-942.87109375,944.3359375,-29.296875
31.73828125,-1000,-742.67578125,-42.96875
-2.44140625,-890.625,-1000,-55.6640625
20.01953125,565.4296875,616.2109375,-34.66796875
43.45703125,-914.0625,-893.06640625,-26.85546875
31.25,892.578125,-364.2578125,-39.55078125
-4.39453125,982.91015625,-1000,-47.36328125
-3.41796875,967.28515625,254.39453125,-44.921875
14.6484375,967.28515625,-896.97265625,-31.73828125
8.30078125,967.28515625,780.2734375,-35.64453125
-26.85546875,984.375,-576.171875,-49.31640625
7.8125,899.90234375,-726.5625,-12.6953125
46.875,-947.265625,890.625,5.37109375
-1.953125,733.3984375,751.953125,-34.66796875
-47.36328125,-741.2109375,-877.44140625,-64.94140625
-54.6875,-605.95703125,-1000,-59.08203125
-37.59765625,-1000,-633.30078125,-51.7578125
-5.37109375,-928.22265625,876.953125,-33.203125
10.7421875,-1000,907.2265625,-31.25
-2.44140625,-945.80078125,-753.90625,-49.8046875
-29.296875,-1000,-957.03125,-52.24609375
-0.9765625,-255.37109375,720.21484375,-20.01953125
34.1796875,986.81640625,-942.3828125,0.9765625
8.30078125,965.8203125,-544.921875,-15.625
-13.671875,935.546875,-1000,-39.0625
8.30078125,976.07421875,456.0546875,-27.34375
14.16015625,966.796875,-849.609375,-19.53125
-12.20703125,969.23828125,-61.03515625,-39.55078125
-5.37109375,965.8203125,-1000,-41.50390625
-20.99609375,912.59765625,-40.52734375,-34.66796875
-7.8125,-936.03515625,-865.72265625,-2.44140625
-6.34765625,280.76171875,386.23046875,-20.99609375
-50.29296875,-1000,-968.26171875,-67.87109375
-30.2734375,-734.375,-166.50390625,-43.9453125
41.015625,683.59375,-916.9921875,-1.953125
27.34375,-860.83984375,859.375,-24.4140625
-29.296875,634.27734375,-619.62890625,-53.7109375
-30.2734375,-751.46484375,-1000,-46.38671875
-18.5546875,-1000,402.83203125,-29.78515625
-16.11328125,-933.59375,-961.42578125,-29.78515625
-35.64453125,-1000,-456.54296875,-57.6171875
-46.38671875,-1000,-1000,-58.59375
-22.94921875,-1000,-98.6328125,-24.4140625
20.01953125,-1000,-984.375,-4.39453125
10.25390625,-1000,305.6640625,-44.921875
-43.45703125,-1000,-1000,-61.5234375
-25.390625,-1000,-369.140625,-54.6875
16.11328125,-1000,-987.3046875,-32.71484375
23.92578125,-1000,726.07421875,0
7.8125,-942.87109375,-845.703125,-44.43359375
-62.5,-1000,-907.71484375,-50.78125
-15.625,-891.11328125,727.5390625,0.48828125
28.80859375,564.453125,-964.35546875,-7.32421875
-26.3671875,-913.57421875,-495.60546875,-47.8515625
-27.34375,892.578125,-1000,-46.38671875
4.8828125,982.91015625,130.37109375,-33.69140625
24.90234375,967.28515625,-927.734375,-34.66796875
10.25390625,966.796875,64.453125,-29.296875
-23.4375,983.88671875,-1000,-41.015625
-18.06640625,896.484375,-75.1953125,-34.66796875
-3.90625,-932.6171875,-915.0390625,-9.27734375
-22.4609375,653.80859375,127.9296875,-21.97265625
-8.7890625,-811.5234375,-1000,-51.7578125
-18.06640625,-1000,-500,-65.91796875
-30.76171875,-944.3359375,937.98828125,-43.45703125
12.6953125,-988.76953125,818.359375,-26.85546875
9.27734375,-988.76953125,-822.75390625,-38.0859375
-32.71484375,-1000,-912.109375,-54.19921875
5.859375,190.91796875,751.46484375,-24.90234375
46.875,-948.2421875,-982.91015625,20.5078125
7.32421875,-988.76953125,-537.109375,-17.578125
-46.875,101.07421875,-1000,-72.265625
-23.4375,-1000,109.375,-52.734375
37.109375,-998.046875,-947.75390625,-16.11328125
20.01953125,-912.59765625,-102.5390625,-39.0625
-20.5078125,-1000,-1000,-40.0390625
4.8828125,-793.45703125,-12.6953125,0.48828125
48.33984375,676.7578125,-888.671875,-0.9765625
32.2265625,-935.05859375,679.19921875,-29.296875
-18.5546875,903.80859375,-851.5625,-57.6171875
-8.30078125,956.0546875,-509.765625,-58.59375
34.66796875,953.125,-961.9140625,-35.64453125
55.17578125,-970.703125,791.50390625,-24.90234375
6.8359375,-218.26171875,-739.74609375,-62.5
4.8828125,-1000,-1000,-72.265625
56.15234375,-940.91796875,292.48046875,-46.38671875
54.19921875,-1000,995.60546875,-32.71484375
12.20703125,-1000,-481.93359375,-41.50390625
-9.765625,-1000,-1000,-37.109375
7.8125,-1000,100.5859375,-8.30078125
26.85546875,-941.40625,-911.62109375,-5.859375
23.92578125,-1000,-147.4609375,-26.3671875
15.625,-874.51171875,-1000,-32.71484375
14.6484375,585.9375,176.7578125,-31.73828125
33.203125,-917.48046875,-857.91015625,-11.71875
-12.20703125,893.06640625,514.16015625,-25.390625
-33.203125,983.3984375,-912.59765625,-62.01171875
5.37109375,967.28515625,-718.75,-45.41015625
9.27734375,966.796875,816.40625,-41.9921875
5.859375,966.796875,-959.9609375,-29.296875
-30.76171875,966.796875,-408.203125,-37.59765625
-24.4140625,967.28515625,-1000,-39.0625
21.484375,967.28515625,555.6640625,-21.484375
-4.39453125,967.28515625,-891.6015625,-31.73828125
-20.99609375,974.12109375,-344.7265625,-58.10546875
-32.2265625,941.40625,-970.21484375,-70.3125
-14.16015625,950.1953125,359.375,-47.8515625
37.59765625,-967.7734375,-862.79296875,-34.1796875
-14.16015625,-184.5703125,44.43359375,-45.41015625
-66.89453125,-1000,-1000,-62.98828125
-27.34375,-945.3125,-250,-45.41015625
10.25390625,-997.55859375,-979.00390625,-16.11328125
-7.8125,-1000,539.0625,-37.109375
-30.2734375,-958.49609375,-956.0546875,-48.33984375
4.39453125,-1000,-603.02734375,-24.90234375
13.671875,-999.51171875,857.421875,-5.37109375
15.13671875,367.1875,-977.05078125,-2.44140625
-24.90234375,-896.97265625,-352.5390625,-42.96875
-42.96875,912.109375,-1000,-60.546875
-7.8125,917.96875,236.81640625,-32.71484375
-18.06640625,-976.5625,-928.7109375,-38.0859375
-38.0859375,849.12109375,-207.51953125,-73.2421875
-61.03515625,-608.88671875,-1000,-68.359375
-31.73828125,-1000,-244.62890625,-48.33984375
20.5078125,-926.26953125,-1000,-24.90234375
-8.7890625,-1000,285.15625,-7.8125
-11.71875,-941.89453125,-1000,-37.109375
12.6953125,-1000,-551.7578125,-44.921875
10.7421875,-879.39453125,892.578125,-29.296875
31.73828125,579.58984375,912.109375,-25.87890625
9.765625,-911.1328125,-751.953125,-39.55078125
-16.11328125,875.48828125,-939.94140625,-51.7578125
25.87890625,952.63671875,785.64453125,-44.921875
20.01953125,-945.3125,951.66015625,-29.78515625
-19.04296875,-61.5234375,-666.50390625,-41.50390625
-11.23046875,-1000,-1000,-52.24609375
5.859375,-958.984375,142.08984375,-42.96875
23.4375,-989.74609375,-988.76953125,-18.06640625
-5.859375,-1000,-168.45703125,-30.76171875
-35.64453125,-1000,-1000,-80.078125
0.48828125,-1000,-145.5078125,-64.453125
18.06640625,-1000,-983.3984375,-35.15625
0,-1000,73.2421875,-39.0625
-2.9296875,-933.10546875,-1000,-38.57421875
-2.44140625,-1000,-703.125,-18.06640625
32.2265625,-772.4609375,762.6953125,-3.41796875
36.62109375,704.1015625,998.046875,-3.90625
-3.41796875,-937.5,-642.578125,-13.671875
10.25390625,893.06640625,-757.8125,-25.390625
32.71484375,935.05859375,862.3046875,-12.6953125
17.08984375,-924.31640625,977.05078125,4.8828125
-13.18359375,153.3203125,-636.71875,-36.62109375
-19.04296875,-1000,-1000,-64.94140625
0,-988.76953125,463.8671875,-34.1796875
2.44140625,-974.12109375,-893.06640625,-26.3671875
-19.04296875,-1000,-169.43359375,-46.875
-29.78515625,-1000,-1000,-58.59375
-22.94921875,-1000,-716.30859375,-51.26953125
-12.20703125,-1000,736.81640625,-28.3203125
0.48828125,-1000,387.20703125,-34.1796875
-22.94921875,-1000,-1000,-55.6640625
-32.71484375,-929.6875,-816.40625,-55.17578125
-22.94921875,-1000,700.68359375,-45.8984375
-8.7890625,-574.70703125,-942.3828125,-26.3671875
-8.7890625,855.46875,-410.15625,-41.015625
-22.4609375,-981.4453125,-721.19140625,-40.52734375
-8.7890625,911.1328125,771.484375,8.7890625
-7.8125,982.421875,-930.17578125,-15.625
-36.62109375,966.796875,-455.56640625,-56.640625
-25.390625,967.28515625,-1000,-46.875
15.13671875,967.28515625,350.09765625,-16.11328125
16.11328125,967.28515625,-834.9609375,-5.37109375
-12.20703125,967.28515625,366.2109375,-32.71484375
-35.15625,966.796875,-959.9609375,-51.7578125
-15.13671875,966.796875,-514.16015625,-30.76171875
-7.8125,967.28515625,919.921875,-36.1328125
-25.87890625,967.7734375,922.8515625,-35.64453125
-29.78515625,979.00390625,-627.44140625,-25.87890625
-24.90234375,897.4609375,-744.62890625,-39.0625
20.01953125,-915.52734375,905.2734375,-20.01953125
-2.9296875,489.74609375,882.8125,-31.73828125
-79.1015625,-916.9921875,-757.32421875,-38.57421875
-71.77734375,-1000,-1000,-21.97265625
-34.1796875,-948.73046875,512.6953125,-27.83203125
-26.85546875,-1000,-923.33984375,-13.671875
-48.33984375,-1000,-425.29296875,-12.6953125
-35.15625,-942.87109375,-1000,-16.6015625
-15.13671875,-1000,28.3203125,-3.41796875
-25.87890625,-891.11328125,-950.1953125,20.5078125
-28.3203125,564.453125,667.48046875,21.97265625
-37.109375,-912.59765625,-758.30078125,13.671875
-26.85546875,897.94921875,-666.9921875,22.94921875
7.8125,920.41015625,895.99609375,37.59765625
-26.3671875,-916.50390625,902.83203125,-0.9765625
-76.171875,352.5390625,-724.609375,-44.43359375
-63.96484375,-973.6328125,-1000,-24.90234375
-19.53125,-1000,573.2421875,-5.37109375
-5.859375,-915.52734375,-961.42578125,6.34765625
-28.3203125,-1000,-651.85546875,3.90625
-29.78515625,-989.74609375,-1000,-0.9765625
-13.18359375,393.06640625,546.875,21.97265625
-8.30078125,-961.42578125,-876.953125,14.6484375
-39.55078125,-991.69921875,-166.9921875,-31.25
-63.96484375,405.76171875,-1000,-61.03515625
-40.0390625,-950.1953125,-295.8984375,-41.015625
-11.23046875,-1000,986.328125,-16.6015625
-6.34765625,-955.56640625,323.2421875,-9.27734375
-25.390625,-1000,-1000,-22.4609375
-51.26953125,-1000,-697.75390625,-31.25
-8.7890625,-1000,849.609375,-3.41796875
-2.9296875,-932.12890625,903.3203125,-4.8828125
-38.57421875,-1000,-795.41015625,-31.73828125
-23.92578125,-753.90625,-925.78125,-28.3203125
-0.9765625,722.16796875,766.6015625,17.578125
12.6953125,-944.3359375,-980.95703125,19.04296875
0.48828125,898.92578125,-579.58984375,-35.15625
-39.0625,984.86328125,-1000,-26.3671875
-41.015625,967.28515625,309.5703125,-15.625
-15.13671875,967.28515625,-900.390625,-14.16015625
-20.99609375,967.28515625,-143.5546875,-32.2265625
-36.1328125,983.3984375,-1000,-37.59765625
-25.390625,909.1796875,-339.84375,-16.11328125
6.8359375,-978.02734375,975.5859375,-13.671875
0.48828125,854.00390625,593.26171875,-16.6015625
-55.17578125,-603.02734375,-950.1953125,-45.41015625
-40.0390625,-1000,-717.28515625,-38.0859375
26.85546875,-925.78125,872.55859375,5.859375
-3.90625,-1000,847.65625,-18.5546875
-76.171875,-1000,-772.4609375,-58.10546875
-78.125,-1000,-1000,-66.40625
-26.85546875,-1000,494.140625,-50.29296875
-2.44140625,-1000,-941.89453125,-31.25
-20.01953125,-1000,-441.89453125,-43.9453125
2.44140625,-1000,-1000,-50.29296875
23.4375,-944.3359375,41.9921875,-20.01953125
20.99609375,-1000,-915.0390625,-19.04296875
1.953125,-904.296875,251.953125,-55.17578125
-2.44140625,543.45703125,-972.65625,-63.4765625
11.71875,-911.1328125,-316.40625,-40.0390625
11.23046875,892.578125,970.703125,-8.30078125
-15.625,982.421875,562.5,-3.90625
-14.6484375,967.28515625,-945.3125,-5.859375
10.25390625,967.28515625,-889.16015625,-26.3671875
-38.0859375,967.28515625,711.9140625,-34.66796875
-42.96875,967.28515625,-953.61328125,-25.390625
-42.48046875,967.28515625,-562.01171875,-46.875
-49.31640625,967.28515625,-1000,-46.38671875
-23.92578125,967.28515625,475.09765625,-23.4375
-16.6015625,967.28515625,-821.2890625,-20.01953125
-7.32421875,969.7265625,188.4765625,-24.4140625
-4.8828125,960.44921875,-933.59375,-18.5546875
-15.625,919.921875,179.19921875,-20.01953125
-29.296875,-927.24609375,-830.56640625,-21.97265625
-72.265625,122.55859375,169.921875,-61.5234375
-103.02734375,-1000,-1000,-85.9375
-90.33203125,-984.375,-643.5546875,-62.98828125
-69.82421875,-976.5625,882.32421875,-61.5234375
-61.5234375,-1000,710.9375,-88.37890625
-118.65234375,-942.3828125,-907.71484375,-109.375
-168.45703125,-1000,-942.3828125,-123.53515625
-134.27734375,-889.6484375,689.453125,-121.58203125
-126.46484375,566.40625,-939.453125,-123.53515625
-144.53125,-914.0625,-578.125,-132.8125
-131.34765625,896.97265625,-1000,-117.1875
-123.046875,967.28515625,507.8125,-111.81640625
-123.046875,933.10546875,-837.890625,-119.140625
-126.953125,-940.91796875,69.82421875,-131.34765625
-114.74609375,-32.71484375,-1000,-104.00390625
-104.00390625,-1000,-193.84765625,-68.84765625
-127.9296875,-979.4921875,-958.0078125,-97.16796875
-119.62890625,-917.96875,161.62109375,-106.93359375
-85.44921875,-1000,-1000,-91.30859375
-90.8203125,-749.51171875,-400.390625,-81.54296875
-85.44921875,752.44140625,995.60546875,-69.3359375
-71.77734375,-912.59765625,772.4609375,-74.70703125
-112.3046875,-363.76953125,-755.859375,-102.5390625
-120.60546875,-1000,-1000,-89.35546875
-83.0078125,-934.08203125,311.03515625,-52.24609375
-41.50390625,-1000,924.31640625,-36.62109375
-114.74609375,-32.71484375,-1000,-104.00390625
-104.00390625,-1000,-193.84765625,-68.84765625
-127.9296875,-979.4921875,-958.0078125,-97.16796875
-119.62890625,-917.96875,161.62109375,-106.93359375
-85.44921875,-1000,-1000,-91.30859375
-90.8203125,-749.51171875,-400.390625,-81.54296875
-85.44921875,752.44140625,995.60546875,-69.3359375
-71.77734375,-912.59765625,772.4609375,-74.70703125
-112.3046875,-363.76953125,-755.859375,-102.5390625
-120.60546875,-1000,-1000,-89.35546875
-83.0078125,-934.08203125,311.03515625,-52.24609375
-41.50390625,-1000,924.31640625,-36.62109375
-54.19921875,967.28515625,867.67578125,-43.9453125
-76.66015625,984.375,-756.8359375,-58.59375
-85.44921875,900.390625,-1000,-47.8515625
-64.94140625,-948.2421875,313.4765625,-34.66796875
-50.29296875,731.4453125,968.26171875,-12.6953125
-75.1953125,-738.76953125,-551.7578125,-20.5078125
-114.74609375,-1000,-1000,-34.66796875
-118.65234375,-931.640625,101.07421875,-42.48046875
-80.56640625,-1000,-940.4296875,-42.96875
-77.63671875,-1000,83.0078125,-38.57421875
-93.26171875,-1000,-1000,-60.05859375
-68.84765625,-1000,-395.5078125,-57.12890625
-40.0390625,-1000,985.83984375,-31.25
-58.59375,-1000,654.78515625,-27.83203125
-90.8203125,-982.91015625,-873.53515625,-40.52734375
-86.9140625,-967.7734375,-966.30859375,-39.0625
-41.9921875,-1000,496.09375,-16.11328125
-21.484375,37.59765625,-998.53515625,-6.34765625
-46.875,-923.33984375,-190.91796875,-26.85546875
-74.70703125,921.875,-679.6875,-50.78125
-83.49609375,957.51953125,621.58203125,-38.57421875
-54.6875,969.23828125,-872.55859375,-27.83203125
-39.0625,966.796875,-119.62890625,-31.25
-76.171875,967.28515625,-984.375,-32.2265625
-46.38671875,967.28515625,237.79296875,-33.203125
-2.44140625,966.796875,-846.6796875,-12.6953125
-54.6875,967.28515625,391.11328125,-20.99609375
-95.21484375,967.7734375,-947.265625,-33.69140625
-51.7578125,977.05078125,-540.52734375,-23.92578125
-39.55078125,899.90234375,948.2421875,-33.203125
-62.98828125,-916.50390625,893.5546875,-63.96484375
-83.0078125,442.3828125,-748.53515625,-78.61328125
-70.3125,-935.546875,-946.77734375,-70.3125
-37.109375,-1000,789.55078125,-73.2421875
-50.78125,-952.1484375,920.41015625,-67.3828125
-79.58984375,-1000,-667.48046875,-73.73046875
-79.1015625,-1000,-1000,-94.7265625
-47.36328125,-1000,7.32421875,-84.9609375
-19.04296875,-1000,962.890625,-75.68359375
-43.45703125,-1000,-330.078125,-86.42578125
-65.4296875,-1000,-1000,-74.70703125
-30.76171875,-996.58203125,-21.484375,-66.89453125
-13.671875,-1000,-932.6171875,-79.58984375
-27.34375,-972.65625,157.71484375,-85.9375
-53.7109375,-989.2578125,-1000,-83.49609375
-36.62109375,-1000,-711.42578125,-79.58984375
6.8359375,192.3828125,815.91796875,-40.0390625
-1.46484375,-908.203125,954.58984375,-38.0859375
-55.17578125,908.69140625,-745.60546875,-91.796875
-76.66015625,966.796875,-808.10546875,-87.890625
-43.9453125,968.26171875,811.03515625,-61.5234375
-21.97265625,966.796875,-954.58984375,-48.33984375
-33.69140625,967.28515625,-515.13671875,-70.3125
-59.5703125,967.28515625,-1000,-71.2890625
-35.64453125,966.796875,518.5546875,-39.0625
6.34765625,966.796875,-838.37890625,-45.41015625
-50.78125,966.796875,-30.2734375,-67.87109375
-70.80078125,966.796875,-1000,-62.5
-8.30078125,976.5625,-146.97265625,-46.875
-9.765625,931.15234375,-926.7578125,-44.43359375
-25.87890625,968.26171875,626.46484375,-47.8515625
-35.64453125,999.0234375,-844.7265625,-56.15234375
-58.59375,-323.73046875,-1000,-68.84765625
-38.57421875,-1000,623.53515625,-54.19921875
-13.671875,-932.12890625,889.16015625,-25.87890625
-25.87890625,-1000,-740.72265625,-41.9921875
-20.5078125,-1000,-1000,-45.41015625
15.13671875,-1000,304.6875,-8.7890625
-13.18359375,-1000,-999.0234375,-24.90234375
-71.2890625,-1000,-507.32421875,-59.08203125
-64.453125,-1000,-1000,-76.171875
-29.78515625,-1000,223.6328125,-61.5234375
-20.01953125,-1000,-903.80859375,-41.9921875
-39.55078125,-943.84765625,72.265625,-48.33984375
-45.8984375,-1000,-1000,-42.48046875
-14.16015625,-901.3671875,-540.0390625,-35.64453125
0.48828125,548.828125,902.34375,-18.06640625
-41.9921875,-912.109375,856.93359375,-25.87890625
-68.84765625,892.578125,-789.55078125,-73.73046875
-56.640625,982.421875,-968.26171875,-63.4765625
-51.7578125,967.28515625,717.28515625,-41.015625
-65.91796875,967.28515625,965.33203125,-87.890625
-103.02734375,967.28515625,-687.98828125,-117.1875
-125.48828125,983.88671875,-1000,-108.88671875
-85.9375,901.3671875,441.89453125,-89.84375
-62.5,-950.1953125,-960.9375,-83.0078125
-120.60546875,713.8671875,-451.66015625,-94.23828125
-157.71484375,-672.36328125,-1000,-133.7890625
-137.20703125,-1000,17.08984375,-148.4375
-108.88671875,-804.6875,-942.3828125,-119.140625
-96.6796875,570.80078125,626.953125,-118.1640625
-92.28515625,-900.390625,-478.02734375,-125.9765625
-75.1953125,824.70703125,-219.23828125,-117.1875
-67.87109375,-928.22265625,988.28125,-113.76953125
-56.640625,721.6796875,627.44140625,-110.3515625
-80.078125,-753.90625,-898.4375,-109.375
-85.9375,901.3671875,441.89453125,-89.84375
-62.5,-950.1953125,-960.9375,-83.0078125
-120.60546875,713.8671875,-451.66015625,-94.23828125
-157.71484375,-672.36328125,-1000,-133.7890625
-137.20703125,-1000,17.08984375,-148.4375
-108.88671875,-804.6875,-942.3828125,-119.140625
-96.6796875,570.80078125,626.953125,-118.1640625
-92.28515625,-900.390625,-478.02734375,-125.9765625
-75.1953125,824.70703125,-219.23828125,-117.1875
-67.87109375,-928.22265625,988.28125,-113.76953125
-56.640625,721.6796875,627.44140625,-110.3515625
-80.078125,-753.90625,-898.4375,-109.375
-33.69140625,-1000,-1000,-46.38671875
-76.66015625,-971.19140625,-690.4296875,-36.1328125
-30.2734375,-998.53515625,798.33984375,5.859375
-15.625,-934.5703125,975.5859375,-18.5546875
-49.31640625,-1000,-717.28515625,-45.41015625
-38.57421875,-633.30078125,-857.91015625,-24.4140625
22.4609375,816.40625,822.75390625,11.71875
5.37109375,-969.23828125,992.67578125,-2.44140625
-59.08203125,907.2265625,-562.5,-44.921875
-42.96875,983.3984375,-1000,-23.92578125
3.41796875,967.28515625,145.99609375,23.4375
-10.7421875,967.28515625,-932.6171875,13.18359375
-26.85546875,970.703125,41.015625,-16.6015625
-25.87890625,957.51953125,-1000,-23.92578125
-26.3671875,924.8046875,-304.19921875,-4.8828125
-12.6953125,-930.17578125,-975.5859375,-8.30078125
-23.92578125,59.08203125,317.87109375,-20.99609375
-38.0859375,-1000,-1000,-18.06640625
-17.578125,-974.609375,-552.24609375,-9.765625
14.6484375,-980.95703125,926.26953125,-1.46484375
19.04296875,-1000,743.65234375,18.5546875
-35.64453125,-1000,-821.2890625,0
-54.19921875,-1000,-1000,-45.8984375
-12.6953125,-1000,518.5546875,-27.34375
-26.85546875,970.703125,41.015625,-16.6015625
-25.87890625,957.51953125,-1000,-23.92578125
-26.3671875,924.8046875,-304.19921875,-4.8828125
-12.6953125,-930.17578125,-975.5859375,-8.30078125
-23.92578125,59.08203125,317.87109375,-20.99609375
-38.0859375,-1000,-1000,-18.06640625
-17.578125,-974.609375,-552.24609375,-9.765625
14.6484375,-980.95703125,926.26953125,-1.46484375
19.04296875,-1000,743.65234375,18.5546875
-35.64453125,-1000,-821.2890625,0
-54.19921875,-1000,-1000,-45.8984375
-12.6953125,-1000,518.5546875,-27.34375
3.41796875,966.796875,688.96484375,-6.34765625
9.27734375,966.796875,978.515625,11.23046875
-44.43359375,966.796875,-696.77734375,-10.7421875
-38.57421875,983.3984375,-993.65234375,-37.109375
1.953125,909.1796875,520.5078125,-3.41796875
4.8828125,-977.5390625,-921.875,-6.8359375
-6.34765625,854.00390625,-220.21484375,-46.38671875
-15.625,-603.02734375,-1000,-51.26953125
-32.71484375,-1000,-331.0546875,-25.87890625
-17.08984375,-925.78125,899.90234375,-6.8359375
-24.90234375,-1000,8.30078125,-28.80859375
-50.29296875,-1000,-1000,-38.0859375
3.41796875,966.796875,688.96484375,-6.34765625
9.27734375,966.796875,978.515625,11.23046875
-44.43359375,966.796875,-696.77734375,-10.7421875
-38.57421875,983.3984375,-993.65234375,-37.109375
1.953125,909.1796875,520.5078125,-3.41796875
4.8828125,-977.5390625,-921.875,-6.8359375
-6.34765625,854.00390625,-220.21484375,-46.38671875
-15.625,-603.02734375,-1000,-51.26953125
-32.71484375,-1000,-331.0546875,-25.87890625
-17.08984375,-925.78125,899.90234375,-6.8359375
-24.90234375,-1000,8.30078125,-28.80859375
-50.29296875,-1000,-1000,-38.0859375
-52.734375,198.2421875,-1000,-36.62109375
-40.52734375,-1000,-68.359375,-28.80859375
-33.69140625,-1000,-928.22265625,-17.578125
-60.546875,-898.92578125,333.984375,-35.15625
-77.1484375,-1000,-1000,-51.26953125
-65.91796875,-644.04296875,-510.25390625,-37.109375
-24.4140625,812.98828125,985.3515625,-8.7890625
-9.27734375,-967.7734375,776.85546875,-4.8828125
-27.34375,917.48046875,-838.37890625,-20.01953125
-59.5703125,942.3828125,-952.1484375,-26.3671875
-43.45703125,980.95703125,733.88671875,-27.83203125
-31.73828125,969.23828125,990.72265625,-26.3671875
-62.98828125,-395.5078125,-619.62890625,-37.59765625
-41.50390625,-1000,-1000,-32.71484375
-16.11328125,-935.546875,143.06640625,-18.5546875
-16.11328125,-985.3515625,-979.4921875,-23.4375
-66.40625,-980.46875,-283.203125,-58.59375
-93.75,-1000,-1000,-59.08203125
-50.78125,133.30078125,52.734375,-30.76171875
-15.13671875,-912.109375,-897.94921875,-18.06640625
-22.4609375,913.0859375,480.46875,-32.2265625
-45.41015625,963.37890625,-938.96484375,-52.24609375
-35.64453125,968.75,-805.6640625,-38.57421875
-8.30078125,967.28515625,793.45703125,-19.53125
-62.98828125,-395.5078125,-619.62890625,-37.59765625
-41.50390625,-1000,-1000,-32.71484375
-16.11328125,-935.546875,143.06640625,-18.5546875
-16.11328125,-985.3515625,-979.4921875,-23.4375
-66.40625,-980.46875,-283.203125,-58.59375
-93.75,-1000,-1000,-59.08203125
-50.78125,133.30078125,52.734375,-30.76171875
-15.13671875,-912.109375,-897.94921875,-18.06640625
-22.4609375,913.0859375,480.46875,-32.2265625
-45.41015625,963.37890625,-938.96484375,-52.24609375
-35.64453125,968.75,-805.6640625,-38.57421875
-8.30078125,967.28515625,793.45703125,-19.53125
-28.3203125,-1000,742.67578125,-29.78515625
-50.78125,-1000,578.125,-51.26953125
-69.3359375,-1000,-985.3515625,-56.640625
-62.98828125,-1000,-906.73828125,-39.55078125
-43.45703125,-1000,626.953125,-29.296875
-39.0625,-1000,-957.03125,-32.2265625
-56.15234375,-1000,-453.125,-54.6875
-57.6171875,-1000,-1000,-47.36328125
-34.1796875,-1000,317.3828125,-21.484375
-36.62109375,-1000,-926.7578125,-15.13671875
-62.98828125,-940.4296875,-259.27734375,-16.6015625
-52.734375,-1000,-1000,-39.55078125
-33.203125,-868.1640625,-64.94140625,-21.484375
-30.2734375,593.26171875,-926.7578125,-7.32421875
-36.1328125,-918.9453125,516.6015625,-36.62109375
-63.96484375,893.5546875,-938.96484375,-48.33984375
-50.29296875,999.0234375,-620.60546875,-27.83203125
-13.18359375,912.59765625,914.0625,12.6953125
-11.23046875,-987.3046875,875.48828125,4.8828125
-55.6640625,882.8125,-726.07421875,-20.5078125
-74.70703125,-558.59375,-1000,-44.43359375
-39.0625,-1000,540.52734375,-43.9453125
-61.5234375,-925.78125,966.796875,-33.69140625
-89.84375,-1000,-666.9921875,-38.57421875
-33.203125,-868.1640625,-64.94140625,-21.484375
-30.2734375,593.26171875,-926.7578125,-7.32421875
-36.1328125,-918.9453125,516.6015625,-36.62109375
-63.96484375,893.5546875,-938.96484375,-48.33984375
-50.29296875,999.0234375,-620.60546875,-27.83203125
-13.18359375,912.59765625,914.0625,12.6953125
-11.23046875,-987.3046875,875.48828125,4.8828125
-55.6640625,882.8125,-726.07421875,-20.5078125
-74.70703125,-558.59375,-1000,-44.43359375
-39.0625,-1000,540.52734375,-43.9453125
-61.5234375,-925.78125,966.796875,-33.69140625
-89.84375,-1000,-666.9921875,-38.57421875
-67.3828125,-965.33203125,-1000,-22.94921875
-41.50390625,-1000,192.3828125,-9.765625
-28.3203125,-1000,-927.24609375,-13.671875
-36.1328125,272.4609375,-90.33203125,-39.55078125
-52.734375,-916.50390625,-1000,-47.8515625
-45.41015625,908.203125,-136.71875,-30.76171875
-20.5078125,969.23828125,-950.1953125,-13.671875
-24.4140625,968.26171875,580.078125,-20.5078125
-90.8203125,967.28515625,-890.13671875,-53.22265625
-73.73046875,967.28515625,-585.44921875,-48.828125
-27.34375,966.796875,949.70703125,-20.99609375
-65.91796875,967.28515625,870.60546875,-32.71484375
-86.42578125,967.28515625,-779.78515625,-55.17578125
-79.1015625,983.88671875,-875.9765625,-49.8046875
-52.734375,907.71484375,742.1875,-28.3203125
-33.69140625,-974.609375,-908.203125,-21.484375
-60.05859375,841.796875,-358.88671875,-43.9453125
-89.84375,-617.67578125,-1000,-62.5
-73.2421875,-1000,510.25390625,-43.9453125
-50.78125,-926.26953125,-885.25390625,-33.69140625
-42.48046875,-1000,-314.453125,-41.50390625
-49.31640625,-1000,-1000,-41.9921875
-50.78125,-1000,-262.20703125,-50.29296875
-16.11328125,-1000,986.328125,-42.96875
-12.20703125,-1000,437.98828125,-40.0390625
-39.55078125,-1000,-1000,-58.59375
-41.9921875,-1000,-841.30859375,-52.734375
-19.53125,-1000,772.94921875,-36.62109375
-45.41015625,-1000,922.36328125,-30.2734375
-68.84765625,-932.12890625,-775.390625,-38.57421875
-59.5703125,-1000,-1000,-48.828125
-73.2421875,-492.67578125,619.62890625,-22.4609375
-61.5234375,895.5078125,-930.17578125,1.46484375
-62.01171875,-996.09375,-451.171875,-41.50390625
-62.5,917.48046875,-1000,-43.9453125
-49.31640625,980.95703125,61.03515625,-24.4140625
-57.6171875,-1000,510.7421875,-21.484375
-51.7578125,-1000,-942.3828125,-16.11328125
-63.4765625,-963.8671875,-408.203125,-41.9921875
-68.84765625,-1000,-1000,-50.29296875
-47.36328125,-1000,-248.53515625,-36.1328125
-8.30078125,301.7578125,972.16796875,-22.4609375
-21.484375,-895.01953125,372.0703125,-28.3203125
-56.15234375,898.4375,-1000,-31.25
-70.3125,973.6328125,-810.05859375,-34.1796875
-50.78125,966.30859375,753.41796875,-35.64453125
-44.43359375,967.7734375,821.77734375,-51.7578125
-75.1953125,965.8203125,-859.86328125,-69.3359375
-81.54296875,958.49609375,-911.62109375,-60.546875
-30.76171875,969.23828125,764.6484375,-32.71484375
-17.578125,907.2265625,999.51171875,-41.50390625
-52.24609375,-918.45703125,-578.125,-65.91796875
-82.03125,334.47265625,-1000,-54.6875
-67.87109375,-974.609375,285.15625,-41.015625
-23.4375,-1000,-934.08203125,-45.8984375
-41.9921875,-960.9375,-161.62109375,-51.7578125
-79.1015625,-1000,-1000,-64.94140625
-71.2890625,-1000,-395.99609375,-59.08203125
-38.0859375,-1000,930.17578125,-26.3671875
-29.78515625,-1000,302.734375,-26.85546875
-25.390625,967.28515625,-70.3125,-42.48046875
-40.0390625,983.88671875,-1000,-47.36328125
-35.64453125,902.83203125,-163.0859375,-36.62109375
-9.27734375,-956.54296875,-944.82421875,-22.94921875
-18.5546875,766.6015625,353.515625,-45.8984375
-57.12890625,-700.1953125,-1000,-69.82421875
-59.08203125,-1000,-556.15234375,-38.0859375
-2.9296875,-930.17578125,945.80078125,-17.08984375
9.27734375,-1000,829.1015625,-37.59765625
-75.68359375,-1000,-789.0625,-35.15625
-60.05859375,-1000,-1000,-24.90234375
-16.6015625,-1000,614.2578125,-19.04296875
-24.4140625,-1000,-989.2578125,-27.34375
-37.59765625,-1000,-559.5703125,-50.78125
-31.25,-1000,-1000,-51.7578125
-25.87890625,-936.03515625,-161.62109375,-35.64453125
-55.17578125,-1000,882.8125,-28.3203125
-42.48046875,-799.31640625,114.74609375,-36.1328125
-10.7421875,666.9921875,-1000,-37.109375
-49.8046875,-934.08203125,-435.05859375,-46.875
-49.31640625,896.97265625,967.28515625,-46.875
-33.203125,983.88671875,673.828125,-42.96875
-62.01171875,967.28515625,-909.66796875,-45.8984375
-59.5703125,974.12109375,-800.78125,-13.18359375
-23.92578125,940.4296875,795.41015625,-35.64453125
-22.4609375,951.66015625,-969.7265625,-50.29296875
-45.8984375,-969.7265625,-481.93359375,-47.8515625
-41.50390625,-199.70703125,-1000,-67.3828125
-37.59765625,-1000,241.2109375,-61.03515625
-48.33984375,-943.359375,-935.05859375,-43.45703125
-55.6640625,-998.53515625,-55.17578125,-31.25
-70.80078125,-1000,-1000,-40.0390625
-61.5234375,-1000,-482.421875,-52.24609375
-46.38671875,-1000,872.55859375,-22.4609375
-59.08203125,-997.0703125,114.2578125,-20.99609375
-59.5703125,-948.73046875,-1000,-61.03515625
-23.92578125,940.4296875,795.41015625,-35.64453125
-22.4609375,951.66015625,-969.7265625,-50.29296875
-45.8984375,-969.7265625,-481.93359375,-47.8515625
-41.50390625,-199.70703125,-1000,-67.3828125
-37.59765625,-1000,241.2109375,-61.03515625
-48.33984375,-943.359375,-935.05859375,-43.45703125
-55.6640625,-998.53515625,-55.17578125,-31.25
-70.80078125,-1000,-1000,-40.0390625
-61.5234375,-1000,-482.421875,-52.24609375
-46.38671875,-1000,872.55859375,-22.4609375
-59.08203125,-997.0703125,114.2578125,-20.99609375
-59.5703125,-948.73046875,-1000,-61.03515625
-18.06640625,-1000,-717.28515625,-54.19921875
8.30078125,-205.078125,790.0390625,-19.53125
-36.62109375,-994.62890625,887.20703125,-16.11328125
-73.73046875,957.51953125,-770.99609375,-54.6875
-62.01171875,940.4296875,-946.77734375,-41.50390625
-33.69140625,980.46875,743.65234375,-8.7890625
-16.6015625,904.296875,986.328125,-27.83203125
-12.6953125,-915.52734375,-655.2734375,-32.2265625
-39.55078125,345.703125,-1000,-28.80859375
-40.0390625,-985.83984375,386.23046875,-16.11328125
-22.4609375,-986.81640625,-922.36328125,-6.8359375
-24.4140625,-953.125,-437.01171875,-24.90234375
-3.41796875,-1000,-1000,-35.15625
9.765625,234.86328125,194.82421875,-9.765625
0.9765625,-899.4140625,-863.28125,-0.48828125
-21.97265625,903.3203125,522.94921875,-27.34375
-37.59765625,984.86328125,-907.71484375,-25.390625
-17.08984375,914.55078125,-572.265625,-26.85546875
20.01953125,-991.69921875,965.8203125,-33.69140625
8.7890625,895.01953125,777.34375,-15.13671875
-52.24609375,-537.59765625,-802.734375,-40.52734375
-65.91796875,-1000,-1000,-67.87109375
-31.25,-925.78125,544.921875,-54.19921875
-21.484375,-1000,-995.60546875,-41.015625
-25.390625,-1000,-625.9765625,-41.50390625
-36.62109375,-1000,-1000,-47.36328125
-20.01953125,-1000,230.46875,-35.15625
4.8828125,-959.47265625,-874.0234375,-13.671875
-30.2734375,-1000,13.18359375,-36.1328125
-62.01171875,-1000,-1000,-66.89453125
-20.99609375,357.421875,67.3828125,-47.36328125
40.52734375,-895.99609375,-848.6328125,-29.78515625
-12.20703125,895.99609375,640.625,-40.52734375
-58.59375,976.07421875,-849.12109375,-46.875
-34.66796875,966.796875,-871.09375,-37.109375
-23.4375,966.796875,790.52734375,-33.69140625
-27.83203125,966.796875,931.640625,-35.15625
-46.875,966.796875,-743.65234375,-45.41015625
-44.43359375,967.28515625,-1000,-63.4765625
-52.734375,967.28515625,625.48828125,-79.58984375
-26.3671875,966.796875,-939.453125,-51.7578125
-22.4609375,967.28515625,-443.359375,-39.55078125
-56.640625,982.421875,-1000,-65.91796875
-54.19921875,896.484375,39.0625,-48.828125
-29.296875,-925.78125,-942.87109375,-34.1796875
-38.57421875,592.28515625,89.35546875,-46.875
-63.96484375,-853.515625,-1000,-63.96484375
-63.96484375,-1000,-277.34375,-60.05859375
-37.109375,-940.91796875,-974.12109375,-40.52734375
-32.2265625,-1000,585.44921875,-44.921875
-40.52734375,-1000,-929.6875,-46.875
-4.8828125,-1000,-882.8125,-29.78515625
-9.765625,-1000,750,-14.16015625
-28.3203125,-1000,979.98046875,-36.62109375
-25.87890625,-1000,-638.671875,-37.59765625
-59.08203125,-1000,-1000,-25.87890625
-41.9921875,-1000,300.29296875,-43.9453125
20.01953125,-1000,-979.4921875,-23.4375
-31.25,-942.87109375,-388.671875,-25.390625
-70.80078125,-1000,-1000,-46.38671875
-9.765625,-891.11328125,-108.88671875,-41.015625
-3.41796875,564.453125,-956.0546875,-28.80859375
-29.296875,-913.57421875,555.6640625,-21.97265625
-42.48046875,892.578125,-933.59375,-46.875
-17.08984375,987.79296875,-541.015625,-59.08203125
28.3203125,950.68359375,936.03515625,-32.2265625
-7.8125,934.5703125,932.12890625,5.859375
-33.203125,-942.3828125,-537.109375,-26.3671875
-38.0859375,-49.8046875,-1000,-76.171875
-24.4140625,-1000,252.44140625,-59.08203125
-15.13671875,-959.9609375,880.37109375,-33.69140625
-49.8046875,-988.76953125,-655.2734375,-37.59765625