43.9453125,-21.97265625,-30.2734375,-6.34765625
40.0390625,-29.296875,-27.83203125,1.953125
79.1015625,-21.484375,-38.57421875,-1.46484375
62.5,-19.53125,-28.3203125,24.90234375
51.26953125,-23.92578125,-33.203125,24.90234375
48.33984375,-18.06640625,-38.0859375,-12.6953125
30.76171875,-31.73828125,-30.2734375,17.578125
36.62109375,-45.41015625,-36.1328125,27.83203125
34.1796875,-41.50390625,-36.62109375,21.97265625
26.85546875,-42.48046875,-40.0390625,31.73828125
42.96875,-34.66796875,-41.9921875,21.484375
42.48046875,-30.2734375,-44.921875,22.94921875
43.9453125,-21.97265625,-30.2734375,-6.34765625
40.0390625,-29.296875,-27.83203125,1.953125
79.1015625,-21.484375,-38.57421875,-1.46484375
62.5,-19.53125,-28.3203125,24.90234375
51.26953125,-23.92578125,-33.203125,24.90234375
48.33984375,-18.06640625,-38.0859375,-12.6953125
30.76171875,-31.73828125,-30.2734375,17.578125
36.62109375,-45.41015625,-36.1328125,27.83203125
34.1796875,-41.50390625,-36.62109375,21.97265625
26.85546875,-42.48046875,-40.0390625,31.73828125
42.96875,-34.66796875,-41.9921875,21.484375
42.48046875,-30.2734375,-44.921875,22.94921875
42.96875,-37.59765625,-42.96875,71.77734375
44.921875,-37.109375,-27.34375,64.453125
32.71484375,-35.15625,-15.13671875,18.5546875
38.57421875,-37.109375,-21.484375,46.875
11.23046875,-41.015625,-33.203125,57.12890625
45.41015625,-37.59765625,-27.34375,64.453125
68.359375,-32.71484375,-12.6953125,54.19921875
79.1015625,-23.4375,-21.484375,30.2734375
49.8046875,-31.73828125,-34.1796875,54.6875
44.43359375,-45.8984375,-17.578125,57.6171875
96.19140625,-36.62109375,-24.4140625,15.625
83.0078125,-40.52734375,-26.3671875,46.875
42.96875,-37.59765625,-42.96875,71.77734375
44.921875,-37.109375,-27.34375,64.453125
32.71484375,-35.15625,-15.13671875,18.5546875
38.57421875,-37.109375,-21.484375,46.875
11.23046875,-41.015625,-33.203125,57.12890625
45.41015625,-37.59765625,-27.34375,64.453125
68.359375,-32.71484375,-12.6953125,54.19921875
79.1015625,-23.4375,-21.484375,30.2734375
49.8046875,-31.73828125,-34.1796875,54.6875
44.43359375,-45.8984375,-17.578125,57.6171875
96.19140625,-36.62109375,-24.4140625,15.625
83.0078125,-40.52734375,-26.3671875,46.875
42.96875,-37.59765625,-42.96875,71.77734375
44.921875,-37.109375,-27.34375,64.453125
32.71484375,-35.15625,-15.13671875,18.5546875
38.57421875,-37.109375,-21.484375,46.875
11.23046875,-41.015625,-33.203125,57.12890625
45.41015625,-37.59765625,-27.34375,64.453125
68.359375,-32.71484375,-12.6953125,54.19921875
79.1015625,-23.4375,-21.484375,30.2734375
49.8046875,-31.73828125,-34.1796875,54.6875
44.43359375,-45.8984375,-17.578125,57.6171875
96.19140625,-36.62109375,-24.4140625,15.625
83.0078125,-40.52734375,-26.3671875,46.875
42.96875,-37.59765625,-42.96875,71.77734375
44.921875,-37.109375,-27.34375,64.453125
32.71484375,-35.15625,-15.13671875,18.5546875
38.57421875,-37.109375,-21.484375,46.875
11.23046875,-41.015625,-33.203125,57.12890625
45.41015625,-37.59765625,-27.34375,64.453125
68.359375,-32.71484375,-12.6953125,54.19921875
79.1015625,-23.4375,-21.484375,30.2734375
49.8046875,-31.73828125,-34.1796875,54.6875
44.43359375,-45.8984375,-17.578125,57.6171875
96.19140625,-36.62109375,-24.4140625,15.625
83.0078125,-40.52734375,-26.3671875,46.875
42.96875,-37.59765625,-42.96875,71.77734375
44.921875,-37.109375,-27.34375,64.453125
32.71484375,-35.15625,-15.13671875,18.5546875
38.57421875,-37.109375,-21.484375,46.875
11.23046875,-41.015625,-33.203125,57.12890625
45.41015625,-37.59765625,-27.34375,64.453125
68.359375,-32.71484375,-12.6953125,54.19921875
79.1015625,-23.4375,-21.484375,30.2734375
49.8046875,-31.73828125,-34.1796875,54.6875
44.43359375,-45.8984375,-17.578125,57.6171875
96.19140625,-36.62109375,-24.4140625,15.625
83.0078125,-40.52734375,-26.3671875,46.875
57.6171875,-43.45703125,-40.0390625,44.921875
66.40625,-45.8984375,-29.296875,78.61328125
36.1328125,-42.96875,-34.1796875,112.3046875
77.1484375,-39.55078125,-25.87890625,100.5859375
76.171875,-35.64453125,-20.01953125,81.0546875
79.58984375,-33.69140625,-36.62109375,132.8125
41.50390625,-45.41015625,-12.6953125,148.92578125
4.8828125,-41.50390625,-19.53125,87.890625
47.36328125,-31.25,-51.7578125,36.62109375
79.1015625,-32.2265625,-33.203125,75.68359375
80.56640625,-14.16015625,-22.94921875,55.17578125
57.12890625,-22.94921875,-37.109375,74.70703125
57.6171875,-43.45703125,-40.0390625,44.921875
66.40625,-45.8984375,-29.296875,78.61328125
36.1328125,-42.96875,-34.1796875,112.3046875
77.1484375,-39.55078125,-25.87890625,100.5859375
76.171875,-35.64453125,-20.01953125,81.0546875
79.58984375,-33.69140625,-36.62109375,132.8125
41.50390625,-45.41015625,-12.6953125,148.92578125
4.8828125,-41.50390625,-19.53125,87.890625
47.36328125,-31.25,-51.7578125,36.62109375
79.1015625,-32.2265625,-33.203125,75.68359375
80.56640625,-14.16015625,-22.94921875,55.17578125
57.12890625,-22.94921875,-37.109375,74.70703125
57.6171875,-43.45703125,-40.0390625,44.921875
66.40625,-45.8984375,-29.296875,78.61328125
36.1328125,-42.96875,-34.1796875,112.3046875
77.1484375,-39.55078125,-25.87890625,100.5859375
76.171875,-35.64453125,-20.01953125,81.0546875
79.58984375,-33.69140625,-36.62109375,132.8125
41.50390625,-45.41015625,-12.6953125,148.92578125
4.8828125,-41.50390625,-19.53125,87.890625
47.36328125,-31.25,-51.7578125,36.62109375
79.1015625,-32.2265625,-33.203125,75.68359375
80.56640625,-14.16015625,-22.94921875,55.17578125
57.12890625,-22.94921875,-37.109375,74.70703125
57.6171875,-43.45703125,-40.0390625,44.921875
66.40625,-45.8984375,-29.296875,78.61328125
36.1328125,-42.96875,-34.1796875,112.3046875
77.1484375,-39.55078125,-25.87890625,100.5859375
76.171875,-35.64453125,-20.01953125,81.0546875
79.58984375,-33.69140625,-36.62109375,132.8125
41.50390625,-45.41015625,-12.6953125,148.92578125
4.8828125,-41.50390625,-19.53125,87.890625
47.36328125,-31.25,-51.7578125,36.62109375
79.1015625,-32.2265625,-33.203125,75.68359375
80.56640625,-14.16015625,-22.94921875,55.17578125
57.12890625,-22.94921875,-37.109375,74.70703125
57.6171875,-43.45703125,-40.0390625,44.921875
66.40625,-45.8984375,-29.296875,78.61328125
36.1328125,-42.96875,-34.1796875,112.3046875
77.1484375,-39.55078125,-25.87890625,100.5859375
76.171875,-35.64453125,-20.01953125,81.0546875
79.58984375,-33.69140625,-36.62109375,132.8125
41.50390625,-45.41015625,-12.6953125,148.92578125
4.8828125,-41.50390625,-19.53125,87.890625
47.36328125,-31.25,-51.7578125,36.62109375
79.1015625,-32.2265625,-33.203125,75.68359375
80.56640625,-14.16015625,-22.94921875,55.17578125
57.12890625,-22.94921875,-37.109375,74.70703125
57.6171875,-43.45703125,-40.0390625,44.921875
66.40625,-45.8984375,-29.296875,78.61328125
36.1328125,-42.96875,-34.1796875,112.3046875
77.1484375,-39.55078125,-25.87890625,100.5859375
76.171875,-35.64453125,-20.01953125,81.0546875
79.58984375,-33.69140625,-36.62109375,132.8125
41.50390625,-45.41015625,-12.6953125,148.92578125
4.8828125,-41.50390625,-19.53125,87.890625
47.36328125,-31.25,-51.7578125,36.62109375
79.1015625,-32.2265625,-33.203125,75.68359375
80.56640625,-14.16015625,-22.94921875,55.17578125
57.12890625,-22.94921875,-37.109375,74.70703125
-50.29296875,-42.48046875,-20.01953125,41.015625
12.20703125,-15.13671875,-15.13671875,53.7109375
11.71875,-24.4140625,12.20703125,46.875
15.625,-53.22265625,-5.37109375,56.15234375
10.25390625,-33.203125,-29.296875,67.3828125
15.625,-19.04296875,-14.6484375,64.94140625
30.76171875,-19.04296875,-21.97265625,62.98828125
28.3203125,-33.69140625,-7.32421875,52.24609375
-7.32421875,-46.38671875,-6.34765625,58.10546875
-29.296875,-46.875,-24.4140625,101.07421875
17.08984375,-21.484375,-33.203125,107.91015625
13.671875,-29.78515625,-22.94921875,83.0078125
-50.29296875,-42.48046875,-20.01953125,41.015625
12.20703125,-15.13671875,-15.13671875,53.7109375
11.71875,-24.4140625,12.20703125,46.875
15.625,-53.22265625,-5.37109375,56.15234375
10.25390625,-33.203125,-29.296875,67.3828125
15.625,-19.04296875,-14.6484375,64.94140625
30.76171875,-19.04296875,-21.97265625,62.98828125
28.3203125,-33.69140625,-7.32421875,52.24609375
-7.32421875,-46.38671875,-6.34765625,58.10546875
-29.296875,-46.875,-24.4140625,101.07421875
17.08984375,-21.484375,-33.203125,107.91015625
13.671875,-29.78515625,-22.94921875,83.0078125
-50.29296875,-42.48046875,-20.01953125,41.015625
12.20703125,-15.13671875,-15.13671875,53.7109375
11.71875,-24.4140625,12.20703125,46.875
15.625,-53.22265625,-5.37109375,56.15234375
10.25390625,-33.203125,-29.296875,67.3828125
15.625,-19.04296875,-14.6484375,64.94140625
30.76171875,-19.04296875,-21.97265625,62.98828125
28.3203125,-33.69140625,-7.32421875,52.24609375
-7.32421875,-46.38671875,-6.34765625,58.10546875
-29.296875,-46.875,-24.4140625,101.07421875
17.08984375,-21.484375,-33.203125,107.91015625
13.671875,-29.78515625,-22.94921875,83.0078125
-50.29296875,-42.48046875,-20.01953125,41.015625
12.20703125,-15.13671875,-15.13671875,53.7109375
11.71875,-24.4140625,12.20703125,46.875
15.625,-53.22265625,-5.37109375,56.15234375
10.25390625,-33.203125,-29.296875,67.3828125
15.625,-19.04296875,-14.6484375,64.94140625
30.76171875,-19.04296875,-21.97265625,62.98828125
28.3203125,-33.69140625,-7.32421875,52.24609375
-7.32421875,-46.38671875,-6.34765625,58.10546875
-29.296875,-46.875,-24.4140625,101.07421875
17.08984375,-21.484375,-33.203125,107.91015625
13.671875,-29.78515625,-22.94921875,83.0078125
-50.29296875,-42.48046875,-20.01953125,41.015625
12.20703125,-15.13671875,-15.13671875,53.7109375
11.71875,-24.4140625,12.20703125,46.875
15.625,-53.22265625,-5.37109375,56.15234375
10.25390625,-33.203125,-29.296875,67.3828125
15.625,-19.04296875,-14.6484375,64.94140625
30.76171875,-19.04296875,-21.97265625,62.98828125
28.3203125,-33.69140625,-7.32421875,52.24609375
-7.32421875,-46.38671875,-6.34765625,58.10546875
-29.296875,-46.875,-24.4140625,101.07421875
17.08984375,-21.484375,-33.203125,107.91015625
13.671875,-29.78515625,-22.94921875,83.0078125
-50.29296875,-42.48046875,-20.01953125,41.015625
12.20703125,-15.13671875,-15.13671875,53.7109375
11.71875,-24.4140625,12.20703125,46.875
15.625,-53.22265625,-5.37109375,56.15234375
10.25390625,-33.203125,-29.296875,67.3828125
15.625,-19.04296875,-14.6484375,64.94140625
30.76171875,-19.04296875,-21.97265625,62.98828125
28.3203125,-33.69140625,-7.32421875,52.24609375
-7.32421875,-46.38671875,-6.34765625,58.10546875
-29.296875,-46.875,-24.4140625,101.07421875
17.08984375,-21.484375,-33.203125,107.91015625
13.671875,-29.78515625,-22.94921875,83.0078125
21.97265625,-56.15234375,-14.6484375,31.73828125
15.625,-53.22265625,-33.203125,55.6640625
8.7890625,-30.2734375,-39.0625,82.03125
26.85546875,-36.1328125,-36.62109375,23.4375
36.1328125,-48.33984375,-51.26953125,-2.44140625
-3.41796875,-43.9453125,-23.92578125,32.2265625
2.9296875,-35.64453125,-8.7890625,62.01171875
31.25,-48.33984375,-42.96875,38.0859375
6.8359375,-45.8984375,-44.43359375,3.41796875
3.90625,-25.390625,-33.69140625,26.3671875
15.625,-33.69140625,-24.90234375,48.33984375
15.13671875,-37.109375,-20.99609375,58.59375
21.97265625,-56.15234375,-14.6484375,31.73828125
15.625,-53.22265625,-33.203125,55.6640625
8.7890625,-30.2734375,-39.0625,82.03125
26.85546875,-36.1328125,-36.62109375,23.4375
36.1328125,-48.33984375,-51.26953125,-2.44140625
-3.41796875,-43.9453125,-23.92578125,32.2265625
2.9296875,-35.64453125,-8.7890625,62.01171875
31.25,-48.33984375,-42.96875,38.0859375
6.8359375,-45.8984375,-44.43359375,3.41796875
3.90625,-25.390625,-33.69140625,26.3671875
15.625,-33.69140625,-24.90234375,48.33984375
15.13671875,-37.109375,-20.99609375,58.59375
47.8515625,-36.1328125,-47.36328125,33.203125
31.73828125,-36.62109375,-31.25,45.41015625
-3.90625,-38.57421875,-31.25,36.1328125
10.7421875,-20.99609375,-20.5078125,30.76171875
29.78515625,-25.87890625,-27.34375,2.9296875
39.55078125,-38.0859375,-35.64453125,-20.01953125
25.87890625,-38.0859375,-38.57421875,27.34375
27.83203125,-45.41015625,-41.50390625,18.06640625
36.1328125,-44.43359375,-16.11328125,15.625
-5.859375,-58.59375,-26.85546875,-7.8125
-0.48828125,-46.875,-41.9921875,8.30078125
27.34375,-27.83203125,-29.296875,13.671875
47.8515625,-36.1328125,-47.36328125,33.203125
31.73828125,-36.62109375,-31.25,45.41015625
-3.90625,-38.57421875,-31.25,36.1328125
10.7421875,-20.99609375,-20.5078125,30.76171875
29.78515625,-25.87890625,-27.34375,2.9296875
39.55078125,-38.0859375,-35.64453125,-20.01953125
25.87890625,-38.0859375,-38.57421875,27.34375
27.83203125,-45.41015625,-41.50390625,18.06640625
36.1328125,-44.43359375,-16.11328125,15.625
-5.859375,-58.59375,-26.85546875,-7.8125
-0.48828125,-46.875,-41.9921875,8.30078125
27.34375,-27.83203125,-29.296875,13.671875
47.8515625,-36.1328125,-47.36328125,33.203125
31.73828125,-36.62109375,-31.25,45.41015625
-3.90625,-38.57421875,-31.25,36.1328125
10.7421875,-20.99609375,-20.5078125,30.76171875
29.78515625,-25.87890625,-27.34375,2.9296875
39.55078125,-38.0859375,-35.64453125,-20.01953125
25.87890625,-38.0859375,-38.57421875,27.34375
27.83203125,-45.41015625,-41.50390625,18.06640625
36.1328125,-44.43359375,-16.11328125,15.625
-5.859375,-58.59375,-26.85546875,-7.8125
-0.48828125,-46.875,-41.9921875,8.30078125
27.34375,-27.83203125,-29.296875,13.671875
-40.0390625,-21.97265625,-46.875,16.6015625
-33.203125,-44.921875,-20.99609375,-12.6953125
-29.78515625,-56.640625,-15.13671875,-35.64453125
-53.22265625,-40.0390625,-44.43359375,-34.66796875
-42.48046875,-35.15625,-29.78515625,-10.25390625
-20.01953125,-33.69140625,-15.13671875,14.16015625
-17.578125,-34.1796875,-28.80859375,-47.36328125
-39.55078125,-32.2265625,-43.9453125,-47.36328125
-60.546875,-40.52734375,-38.57421875,-21.97265625
-48.828125,-54.19921875,-21.97265625,-26.85546875
-39.55078125,-49.8046875,-24.4140625,-38.57421875
-74.70703125,-38.57421875,-50.78125,-52.734375
-40.0390625,-21.97265625,-46.875,16.6015625
-33.203125,-44.921875,-20.99609375,-12.6953125
-29.78515625,-56.640625,-15.13671875,-35.64453125
-53.22265625,-40.0390625,-44.43359375,-34.66796875
-42.48046875,-35.15625,-29.78515625,-10.25390625
-20.01953125,-33.69140625,-15.13671875,14.16015625
-17.578125,-34.1796875,-28.80859375,-47.36328125
-39.55078125,-32.2265625,-43.9453125,-47.36328125
-60.546875,-40.52734375,-38.57421875,-21.97265625
-48.828125,-54.19921875,-21.97265625,-26.85546875
-39.55078125,-49.8046875,-24.4140625,-38.57421875
-74.70703125,-38.57421875,-50.78125,-52.734375
-35.15625,-41.9921875,-43.45703125,-23.92578125
-37.109375,-50.78125,-43.45703125,27.34375
-103.02734375,-49.8046875,-33.203125,-37.59765625
-79.58984375,-37.59765625,-36.1328125,-33.69140625
-40.52734375,-19.53125,-39.0625,15.625
-49.31640625,-28.80859375,-39.0625,-35.64453125
-81.0546875,-39.0625,-21.484375,-50.29296875
-41.015625,-25.87890625,-29.78515625,-16.11328125
-54.6875,-41.50390625,-27.34375,-12.6953125
-74.70703125,-52.734375,-45.8984375,-20.99609375
-53.7109375,-48.33984375,-52.24609375,-24.90234375
-49.8046875,-41.9921875,-49.31640625,-11.71875
-35.15625,-41.9921875,-43.45703125,-23.92578125
-37.109375,-50.78125,-43.45703125,27.34375
-103.02734375,-49.8046875,-33.203125,-37.59765625
-79.58984375,-37.59765625,-36.1328125,-33.69140625
-40.52734375,-19.53125,-39.0625,15.625
-49.31640625,-28.80859375,-39.0625,-35.64453125
-81.0546875,-39.0625,-21.484375,-50.29296875
-41.015625,-25.87890625,-29.78515625,-16.11328125
-54.6875,-41.50390625,-27.34375,-12.6953125
-74.70703125,-52.734375,-45.8984375,-20.99609375
-53.7109375,-48.33984375,-52.24609375,-24.90234375
-49.8046875,-41.9921875,-49.31640625,-11.71875
-35.15625,-41.9921875,-43.45703125,-23.92578125
-37.109375,-50.78125,-43.45703125,27.34375
-103.02734375,-49.8046875,-33.203125,-37.59765625
-79.58984375,-37.59765625,-36.1328125,-33.69140625
-40.52734375,-19.53125,-39.0625,15.625
-49.31640625,-28.80859375,-39.0625,-35.64453125
-81.0546875,-39.0625,-21.484375,-50.29296875
-41.015625,-25.87890625,-29.78515625,-16.11328125
-54.6875,-41.50390625,-27.34375,-12.6953125
-74.70703125,-52.734375,-45.8984375,-20.99609375
-53.7109375,-48.33984375,-52.24609375,-24.90234375
-49.8046875,-41.9921875,-49.31640625,-11.71875
-43.9453125,-29.296875,-57.12890625,-21.484375
-55.6640625,-51.7578125,6.34765625,-50.29296875
-40.0390625,-48.828125,2.44140625,1.46484375
-28.3203125,-52.734375,-32.2265625,-20.99609375
4.39453125,-40.52734375,-28.3203125,-44.43359375
-12.6953125,-24.4140625,-31.73828125,-12.20703125
-61.5234375,-44.43359375,-14.6484375,-10.25390625
-38.0859375,-70.80078125,3.41796875,-30.2734375
-11.71875,-43.9453125,-7.32421875,-34.1796875
18.5546875,-19.53125,-31.73828125,-30.2734375
2.44140625,-40.52734375,-25.390625,3.41796875
-52.24609375,-49.8046875,-14.6484375,1.953125
-43.9453125,-29.296875,-57.12890625,-21.484375
-55.6640625,-51.7578125,6.34765625,-50.29296875
-40.0390625,-48.828125,2.44140625,1.46484375
-28.3203125,-52.734375,-32.2265625,-20.99609375
4.39453125,-40.52734375,-28.3203125,-44.43359375
-12.6953125,-24.4140625,-31.73828125,-12.20703125
-61.5234375,-44.43359375,-14.6484375,-10.25390625
-38.0859375,-70.80078125,3.41796875,-30.2734375
-11.71875,-43.9453125,-7.32421875,-34.1796875
18.5546875,-19.53125,-31.73828125,-30.2734375
2.44140625,-40.52734375,-25.390625,3.41796875
-52.24609375,-49.8046875,-14.6484375,1.953125
-43.9453125,-29.296875,-57.12890625,-21.484375
-55.6640625,-51.7578125,6.34765625,-50.29296875
-40.0390625,-48.828125,2.44140625,1.46484375
-28.3203125,-52.734375,-32.2265625,-20.99609375
4.39453125,-40.52734375,-28.3203125,-44.43359375
-12.6953125,-24.4140625,-31.73828125,-12.20703125
-61.5234375,-44.43359375,-14.6484375,-10.25390625
-38.0859375,-70.80078125,3.41796875,-30.2734375
-11.71875,-43.9453125,-7.32421875,-34.1796875
18.5546875,-19.53125,-31.73828125,-30.2734375
2.44140625,-40.52734375,-25.390625,3.41796875
-52.24609375,-49.8046875,-14.6484375,1.953125
-49.8046875,-29.78515625,-2.9296875,-9.27734375
-17.578125,-23.4375,-5.859375,-13.18359375
-13.18359375,-55.6640625,-0.48828125,4.8828125
-12.6953125,-55.17578125,-18.5546875,23.4375
9.765625,-25.87890625,-17.08984375,15.13671875
13.18359375,-29.296875,-2.44140625,-11.23046875
33.203125,-40.0390625,-7.32421875,-29.78515625
13.18359375,-42.96875,-23.4375,5.37109375
-5.859375,-47.8515625,-1.46484375,35.64453125
29.296875,-42.96875,-0.48828125,-58.59375
2.44140625,-46.875,0,-28.3203125
27.83203125,-53.7109375,7.32421875,36.1328125
-49.8046875,-29.78515625,-2.9296875,-9.27734375
-17.578125,-23.4375,-5.859375,-13.18359375
-13.18359375,-55.6640625,-0.48828125,4.8828125
-12.6953125,-55.17578125,-18.5546875,23.4375
9.765625,-25.87890625,-17.08984375,15.13671875
13.18359375,-29.296875,-2.44140625,-11.23046875
33.203125,-40.0390625,-7.32421875,-29.78515625
13.18359375,-42.96875,-23.4375,5.37109375
-5.859375,-47.8515625,-1.46484375,35.64453125
29.296875,-42.96875,-0.48828125,-58.59375
2.44140625,-46.875,0,-28.3203125
27.83203125,-53.7109375,7.32421875,36.1328125
-49.8046875,-29.78515625,-2.9296875,-9.27734375
-17.578125,-23.4375,-5.859375,-13.18359375
-13.18359375,-55.6640625,-0.48828125,4.8828125
-12.6953125,-55.17578125,-18.5546875,23.4375
9.765625,-25.87890625,-17.08984375,15.13671875
13.18359375,-29.296875,-2.44140625,-11.23046875
33.203125,-40.0390625,-7.32421875,-29.78515625
13.18359375,-42.96875,-23.4375,5.37109375
-5.859375,-47.8515625,-1.46484375,35.64453125
29.296875,-42.96875,-0.48828125,-58.59375
2.44140625,-46.875,0,-28.3203125
27.83203125,-53.7109375,7.32421875,36.1328125
24.4140625,-36.62109375,-1.46484375,-29.296875
9.765625,-44.921875,-2.44140625,-43.45703125
8.30078125,-23.92578125,-21.97265625,-51.26953125
28.80859375,-24.90234375,-27.83203125,-32.2265625
16.6015625,-43.45703125,-31.25,-42.96875
-13.18359375,-31.25,8.7890625,-12.20703125
-0.9765625,-41.50390625,20.99609375,-13.18359375
38.0859375,-45.8984375,-12.20703125,-54.19921875
73.73046875,-23.92578125,-26.85546875,-72.75390625
39.0625,-30.76171875,-13.18359375,-21.484375
0.48828125,-36.1328125,3.90625,-6.34765625
14.6484375,-44.43359375,-16.6015625,-28.80859375
24.4140625,-36.62109375,-1.46484375,-29.296875
9.765625,-44.921875,-2.44140625,-43.45703125
8.30078125,-23.92578125,-21.97265625,-51.26953125
28.80859375,-24.90234375,-27.83203125,-32.2265625
16.6015625,-43.45703125,-31.25,-42.96875
-13.18359375,-31.25,8.7890625,-12.20703125
-0.9765625,-41.50390625,20.99609375,-13.18359375
38.0859375,-45.8984375,-12.20703125,-54.19921875
73.73046875,-23.92578125,-26.85546875,-72.75390625
39.0625,-30.76171875,-13.18359375,-21.484375
0.48828125,-36.1328125,3.90625,-6.34765625
14.6484375,-44.43359375,-16.6015625,-28.80859375
24.4140625,-36.62109375,-1.46484375,-29.296875
9.765625,-44.921875,-2.44140625,-43.45703125
8.30078125,-23.92578125,-21.97265625,-51.26953125
28.80859375,-24.90234375,-27.83203125,-32.2265625
16.6015625,-43.45703125,-31.25,-42.96875
-13.18359375,-31.25,8.7890625,-12.20703125
-0.9765625,-41.50390625,20.99609375,-13.18359375
38.0859375,-45.8984375,-12.20703125,-54.19921875
73.73046875,-23.92578125,-26.85546875,-72.75390625
39.0625,-30.76171875,-13.18359375,-21.484375
0.48828125,-36.1328125,3.90625,-6.34765625
14.6484375,-44.43359375,-16.6015625,-28.80859375
24.4140625,-36.62109375,-1.46484375,-29.296875
9.765625,-44.921875,-2.44140625,-43.45703125
8.30078125,-23.92578125,-21.97265625,-51.26953125
28.80859375,-24.90234375,-27.83203125,-32.2265625
16.6015625,-43.45703125,-31.25,-42.96875
-13.18359375,-31.25,8.7890625,-12.20703125
-0.9765625,-41.50390625,20.99609375,-13.18359375
38.0859375,-45.8984375,-12.20703125,-54.19921875
73.73046875,-23.92578125,-26.85546875,-72.75390625
39.0625,-30.76171875,-13.18359375,-21.484375
0.48828125,-36.1328125,3.90625,-6.34765625
14.6484375,-44.43359375,-16.6015625,-28.80859375
99.12109375,-24.90234375,-52.24609375,-77.63671875
100.5859375,-39.55078125,-61.03515625,-85.9375
94.23828125,-61.5234375,-40.52734375,-140.625
48.828125,-44.43359375,-52.734375,-100.09765625
76.66015625,-26.3671875,-35.64453125,-104.4921875
109.375,-42.48046875,-42.96875,-130.859375
128.41796875,-24.90234375,-80.56640625,-104.00390625
65.91796875,-28.80859375,-78.125,-123.53515625
42.48046875,-41.015625,-43.45703125,-117.67578125
93.75,-39.55078125,-35.15625,-102.05078125
80.56640625,-53.7109375,-31.73828125,-88.8671875
80.078125,-21.484375,-37.109375,-111.328125
99.12109375,-24.90234375,-52.24609375,-77.63671875
100.5859375,-39.55078125,-61.03515625,-85.9375
94.23828125,-61.5234375,-40.52734375,-140.625
48.828125,-44.43359375,-52.734375,-100.09765625
76.66015625,-26.3671875,-35.64453125,-104.4921875
109.375,-42.48046875,-42.96875,-130.859375
128.41796875,-24.90234375,-80.56640625,-104.00390625
65.91796875,-28.80859375,-78.125,-123.53515625
42.48046875,-41.015625,-43.45703125,-117.67578125
93.75,-39.55078125,-35.15625,-102.05078125
80.56640625,-53.7109375,-31.73828125,-88.8671875
80.078125,-21.484375,-37.109375,-111.328125
99.12109375,-24.90234375,-52.24609375,-77.63671875
100.5859375,-39.55078125,-61.03515625,-85.9375
94.23828125,-61.5234375,-40.52734375,-140.625
48.828125,-44.43359375,-52.734375,-100.09765625
76.66015625,-26.3671875,-35.64453125,-104.4921875
109.375,-42.48046875,-42.96875,-130.859375
128.41796875,-24.90234375,-80.56640625,-104.00390625
65.91796875,-28.80859375,-78.125,-123.53515625
42.48046875,-41.015625,-43.45703125,-117.67578125
93.75,-39.55078125,-35.15625,-102.05078125
80.56640625,-53.7109375,-31.73828125,-88.8671875
80.078125,-21.484375,-37.109375,-111.328125
99.12109375,-24.90234375,-52.24609375,-77.63671875
100.5859375,-39.55078125,-61.03515625,-85.9375
94.23828125,-61.5234375,-40.52734375,-140.625
48.828125,-44.43359375,-52.734375,-100.09765625
76.66015625,-26.3671875,-35.64453125,-104.4921875
109.375,-42.48046875,-42.96875,-130.859375
128.41796875,-24.90234375,-80.56640625,-104.00390625
65.91796875,-28.80859375,-78.125,-123.53515625
42.48046875,-41.015625,-43.45703125,-117.67578125
93.75,-39.55078125,-35.15625,-102.05078125
80.56640625,-53.7109375,-31.73828125,-88.8671875
80.078125,-21.484375,-37.109375,-111.328125
99.12109375,-24.90234375,-52.24609375,-77.63671875
100.5859375,-39.55078125,-61.03515625,-85.9375
94.23828125,-61.5234375,-40.52734375,-140.625
48.828125,-44.43359375,-52.734375,-100.09765625
76.66015625,-26.3671875,-35.64453125,-104.4921875
109.375,-42.48046875,-42.96875,-130.859375
128.41796875,-24.90234375,-80.56640625,-104.00390625
65.91796875,-28.80859375,-78.125,-123.53515625
42.48046875,-41.015625,-43.45703125,-117.67578125
93.75,-39.55078125,-35.15625,-102.05078125
80.56640625,-53.7109375,-31.73828125,-88.8671875
80.078125,-21.484375,-37.109375,-111.328125
99.12109375,-24.90234375,-52.24609375,-77.63671875
100.5859375,-39.55078125,-61.03515625,-85.9375
94.23828125,-61.5234375,-40.52734375,-140.625
48.828125,-44.43359375,-52.734375,-100.09765625
76.66015625,-26.3671875,-35.64453125,-104.4921875
109.375,-42.48046875,-42.96875,-130.859375
128.41796875,-24.90234375,-80.56640625,-104.00390625
65.91796875,-28.80859375,-78.125,-123.53515625
42.48046875,-41.015625,-43.45703125,-117.67578125
93.75,-39.55078125,-35.15625,-102.05078125
80.56640625,-53.7109375,-31.73828125,-88.8671875
80.078125,-21.484375,-37.109375,-111.328125
-161.1328125,-194.3359375,-189.94140625,-173.828125
-173.828125,-187.98828125,-177.24609375,-187.01171875
-114.2578125,-184.08203125,-206.54296875,-195.80078125
-117.67578125,-189.94140625,-227.5390625,-187.98828125
-138.671875,-178.7109375,-202.63671875,-139.6484375
-128.90625,-173.33984375,-176.7578125,-84.47265625
-134.27734375,-210.44921875,-163.57421875,-119.140625
-116.69921875,-194.3359375,-200.68359375,-171.38671875
-122.55859375,-135.25390625,-209.47265625,-186.5234375
-126.953125,-139.6484375,-184.5703125,-208.0078125
-139.16015625,-152.34375,-206.0546875,-153.80859375
-110.3515625,-156.25,-203.61328125,-120.60546875
-161.1328125,-194.3359375,-189.94140625,-173.828125
-173.828125,-187.98828125,-177.24609375,-187.01171875
-114.2578125,-184.08203125,-206.54296875,-195.80078125
-117.67578125,-189.94140625,-227.5390625,-187.98828125
-138.671875,-178.7109375,-202.63671875,-139.6484375
-128.90625,-173.33984375,-176.7578125,-84.47265625
-134.27734375,-210.44921875,-163.57421875,-119.140625
-116.69921875,-194.3359375,-200.68359375,-171.38671875
-122.55859375,-135.25390625,-209.47265625,-186.5234375
-126.953125,-139.6484375,-184.5703125,-208.0078125
-139.16015625,-152.34375,-206.0546875,-153.80859375
-110.3515625,-156.25,-203.61328125,-120.60546875
-161.1328125,-194.3359375,-189.94140625,-173.828125
-173.828125,-187.98828125,-177.24609375,-187.01171875
-114.2578125,-184.08203125,-206.54296875,-195.80078125
-117.67578125,-189.94140625,-227.5390625,-187.98828125
-138.671875,-178.7109375,-202.63671875,-139.6484375
-128.90625,-173.33984375,-176.7578125,-84.47265625
-134.27734375,-210.44921875,-163.57421875,-119.140625
-116.69921875,-194.3359375,-200.68359375,-171.38671875
-122.55859375,-135.25390625,-209.47265625,-186.5234375
-126.953125,-139.6484375,-184.5703125,-208.0078125
-139.16015625,-152.34375,-206.0546875,-153.80859375
-110.3515625,-156.25,-203.61328125,-120.60546875
-161.1328125,-194.3359375,-189.94140625,-173.828125
-173.828125,-187.98828125,-177.24609375,-187.01171875
-114.2578125,-184.08203125,-206.54296875,-195.80078125
-117.67578125,-189.94140625,-227.5390625,-187.98828125
-138.671875,-178.7109375,-202.63671875,-139.6484375
-128.90625,-173.33984375,-176.7578125,-84.47265625
-134.27734375,-210.44921875,-163.57421875,-119.140625
-116.69921875,-194.3359375,-200.68359375,-171.38671875
-122.55859375,-135.25390625,-209.47265625,-186.5234375
-126.953125,-139.6484375,-184.5703125,-208.0078125
-139.16015625,-152.34375,-206.0546875,-153.80859375
-110.3515625,-156.25,-203.61328125,-120.60546875
-128.41796875,200.1953125,-39.0625,-98.6328125
-149.4140625,229.4921875,-52.734375,-144.53125
-155.76171875,220.21484375,-26.3671875,-78.125
-184.5703125,225.09765625,-18.06640625,-91.796875
-128.41796875,267.08984375,-29.296875,-140.13671875
-128.90625,240.72265625,-21.97265625,-156.73828125
-132.32421875,206.0546875,-15.13671875,-142.08984375
-103.515625,201.171875,-33.203125,-158.203125
-140.625,209.9609375,3.41796875,-160.64453125
-128.41796875,207.51953125,34.1796875,-160.15625
-116.2109375,172.8515625,12.20703125,-144.53125
-118.1640625,189.453125,-3.41796875,-84.47265625
-128.41796875,200.1953125,-39.0625,-98.6328125
-149.4140625,229.4921875,-52.734375,-144.53125
-155.76171875,220.21484375,-26.3671875,-78.125
-184.5703125,225.09765625,-18.06640625,-91.796875
-128.41796875,267.08984375,-29.296875,-140.13671875
-128.90625,240.72265625,-21.97265625,-156.73828125
-132.32421875,206.0546875,-15.13671875,-142.08984375
-103.515625,201.171875,-33.203125,-158.203125
-140.625,209.9609375,3.41796875,-160.64453125
-128.41796875,207.51953125,34.1796875,-160.15625
-116.2109375,172.8515625,12.20703125,-144.53125
-118.1640625,189.453125,-3.41796875,-84.47265625
-128.41796875,200.1953125,-39.0625,-98.6328125
-149.4140625,229.4921875,-52.734375,-144.53125
-155.76171875,220.21484375,-26.3671875,-78.125
-184.5703125,225.09765625,-18.06640625,-91.796875
-128.41796875,267.08984375,-29.296875,-140.13671875
-128.90625,240.72265625,-21.97265625,-156.73828125
-132.32421875,206.0546875,-15.13671875,-142.08984375
-103.515625,201.171875,-33.203125,-158.203125
-140.625,209.9609375,3.41796875,-160.64453125
-128.41796875,207.51953125,34.1796875,-160.15625
-116.2109375,172.8515625,12.20703125,-144.53125
-118.1640625,189.453125,-3.41796875,-84.47265625
-91.796875,107.421875,30.2734375,-141.6015625
-84.9609375,81.0546875,41.9921875,-86.42578125
-138.671875,103.515625,-15.625,-105.95703125
-165.52734375,104.98046875,2.44140625,-153.80859375
-156.73828125,75.1953125,4.39453125,-150.87890625
-109.86328125,94.7265625,10.25390625,-46.875
-99.12109375,88.8671875,32.2265625,-63.4765625
-161.1328125,52.24609375,28.3203125,-127.44140625
-143.06640625,86.42578125,25.87890625,-83.0078125
-122.55859375,86.42578125,42.96875,-72.75390625
-144.04296875,43.9453125,24.4140625,-95.703125
-168.9453125,62.98828125,2.44140625,-54.6875
-91.796875,107.421875,30.2734375,-141.6015625
-84.9609375,81.0546875,41.9921875,-86.42578125
-138.671875,103.515625,-15.625,-105.95703125
-165.52734375,104.98046875,2.44140625,-153.80859375
-156.73828125,75.1953125,4.39453125,-150.87890625
-109.86328125,94.7265625,10.25390625,-46.875
-99.12109375,88.8671875,32.2265625,-63.4765625
-161.1328125,52.24609375,28.3203125,-127.44140625
-143.06640625,86.42578125,25.87890625,-83.0078125
-122.55859375,86.42578125,42.96875,-72.75390625
-144.04296875,43.9453125,24.4140625,-95.703125
-168.9453125,62.98828125,2.44140625,-54.6875
-133.7890625,120.60546875,136.71875,-99.609375
-45.8984375,74.21875,127.44140625,-86.42578125
-115.72265625,103.02734375,130.859375,-73.73046875
-110.83984375,125,134.27734375,-17.578125
-83.49609375,103.02734375,132.8125,4.39453125
-140.13671875,120.60546875,122.0703125,-159.1796875
-75.1953125,166.50390625,98.6328125,-184.08203125
-53.7109375,141.11328125,132.32421875,-169.921875
-108.88671875,115.72265625,163.0859375,-168.45703125
-126.953125,108.3984375,143.06640625,-159.1796875
-116.69921875,128.90625,122.0703125,-146.484375
-107.421875,161.62109375,121.58203125,-120.1171875
-133.7890625,120.60546875,136.71875,-99.609375
-45.8984375,74.21875,127.44140625,-86.42578125
-115.72265625,103.02734375,130.859375,-73.73046875
-110.83984375,125,134.27734375,-17.578125
-83.49609375,103.02734375,132.8125,4.39453125
-140.13671875,120.60546875,122.0703125,-159.1796875
-75.1953125,166.50390625,98.6328125,-184.08203125
-53.7109375,141.11328125,132.32421875,-169.921875
-108.88671875,115.72265625,163.0859375,-168.45703125
-126.953125,108.3984375,143.06640625,-159.1796875
-116.69921875,128.90625,122.0703125,-146.484375
-107.421875,161.62109375,121.58203125,-120.1171875
-133.7890625,120.60546875,136.71875,-99.609375
-45.8984375,74.21875,127.44140625,-86.42578125
-115.72265625,103.02734375,130.859375,-73.73046875
-110.83984375,125,134.27734375,-17.578125
-83.49609375,103.02734375,132.8125,4.39453125
-140.13671875,120.60546875,122.0703125,-159.1796875
-75.1953125,166.50390625,98.6328125,-184.08203125
-53.7109375,141.11328125,132.32421875,-169.921875
-108.88671875,115.72265625,163.0859375,-168.45703125
-126.953125,108.3984375,143.06640625,-159.1796875
-116.69921875,128.90625,122.0703125,-146.484375
-107.421875,161.62109375,121.58203125,-120.1171875
-174.8046875,-177.24609375,83.0078125,-107.91015625
-171.875,-188.96484375,89.84375,-133.30078125
-157.71484375,-205.078125,77.63671875,-123.046875
-159.1796875,-216.796875,75.68359375,-118.1640625
-119.62890625,-195.3125,77.1484375,-82.03125
-104.4921875,-200.1953125,58.10546875,-78.125
-190.4296875,-238.76953125,46.875,-93.75
-189.94140625,-242.1875,55.17578125,-79.1015625
-119.62890625,-223.6328125,47.36328125,-84.47265625
-105.46875,-216.30859375,52.24609375,-79.1015625
-168.45703125,-237.3046875,57.6171875,-53.22265625
-181.640625,-233.3984375,49.8046875,-58.10546875
-174.8046875,-177.24609375,83.0078125,-107.91015625
-171.875,-188.96484375,89.84375,-133.30078125
-157.71484375,-205.078125,77.63671875,-123.046875
-159.1796875,-216.796875,75.68359375,-118.1640625
-119.62890625,-195.3125,77.1484375,-82.03125
-104.4921875,-200.1953125,58.10546875,-78.125
-190.4296875,-238.76953125,46.875,-93.75
-189.94140625,-242.1875,55.17578125,-79.1015625
-119.62890625,-223.6328125,47.36328125,-84.47265625
-105.46875,-216.30859375,52.24609375,-79.1015625
-168.45703125,-237.3046875,57.6171875,-53.22265625
-181.640625,-233.3984375,49.8046875,-58.10546875
-174.8046875,-177.24609375,83.0078125,-107.91015625
-171.875,-188.96484375,89.84375,-133.30078125
-157.71484375,-205.078125,77.63671875,-123.046875
-159.1796875,-216.796875,75.68359375,-118.1640625
-119.62890625,-195.3125,77.1484375,-82.03125
-104.4921875,-200.1953125,58.10546875,-78.125
-190.4296875,-238.76953125,46.875,-93.75
-189.94140625,-242.1875,55.17578125,-79.1015625
-119.62890625,-223.6328125,47.36328125,-84.47265625
-105.46875,-216.30859375,52.24609375,-79.1015625
-168.45703125,-237.3046875,57.6171875,-53.22265625
-181.640625,-233.3984375,49.8046875,-58.10546875
-174.8046875,-177.24609375,83.0078125,-107.91015625
-171.875,-188.96484375,89.84375,-133.30078125
-157.71484375,-205.078125,77.63671875,-123.046875
-159.1796875,-216.796875,75.68359375,-118.1640625
-119.62890625,-195.3125,77.1484375,-82.03125
-104.4921875,-200.1953125,58.10546875,-78.125
-190.4296875,-238.76953125,46.875,-93.75
-189.94140625,-242.1875,55.17578125,-79.1015625
-119.62890625,-223.6328125,47.36328125,-84.47265625
-105.46875,-216.30859375,52.24609375,-79.1015625
-168.45703125,-237.3046875,57.6171875,-53.22265625
-181.640625,-233.3984375,49.8046875,-58.10546875
-144.04296875,-147.4609375,76.171875,-48.828125
-84.47265625,-142.08984375,78.61328125,-61.03515625
-126.953125,-152.34375,90.8203125,-10.7421875
-170.8984375,-145.5078125,84.9609375,-3.90625
-137.6953125,-145.99609375,63.4765625,-14.16015625
-120.1171875,-171.875,85.44921875,-29.296875
-129.8828125,-166.50390625,98.6328125,-64.94140625
-128.41796875,-165.52734375,76.171875,-40.52734375
-102.05078125,-148.92578125,77.63671875,-25.390625
-124.51171875,-145.99609375,95.703125,-53.7109375
-131.34765625,-154.296875,85.44921875,-20.5078125
-151.3671875,-152.83203125,66.89453125,-2.44140625
-144.04296875,-147.4609375,76.171875,-48.828125
-84.47265625,-142.08984375,78.61328125,-61.03515625
-126.953125,-152.34375,90.8203125,-10.7421875
-170.8984375,-145.5078125,84.9609375,-3.90625
-137.6953125,-145.99609375,63.4765625,-14.16015625
-120.1171875,-171.875,85.44921875,-29.296875
-129.8828125,-166.50390625,98.6328125,-64.94140625
-128.41796875,-165.52734375,76.171875,-40.52734375
-102.05078125,-148.92578125,77.63671875,-25.390625
-124.51171875,-145.99609375,95.703125,-53.7109375
-131.34765625,-154.296875,85.44921875,-20.5078125
-151.3671875,-152.83203125,66.89453125,-2.44140625
-144.04296875,-147.4609375,76.171875,-48.828125
-84.47265625,-142.08984375,78.61328125,-61.03515625
-126.953125,-152.34375,90.8203125,-10.7421875
-170.8984375,-145.5078125,84.9609375,-3.90625
-137.6953125,-145.99609375,63.4765625,-14.16015625
-120.1171875,-171.875,85.44921875,-29.296875
-129.8828125,-166.50390625,98.6328125,-64.94140625
-128.41796875,-165.52734375,76.171875,-40.52734375
-102.05078125,-148.92578125,77.63671875,-25.390625
-124.51171875,-145.99609375,95.703125,-53.7109375
-131.34765625,-154.296875,85.44921875,-20.5078125
-151.3671875,-152.83203125,66.89453125,-2.44140625
-109.86328125,-149.4140625,76.171875,4.39453125
-106.93359375,-142.08984375,83.984375,-27.34375
-90.33203125,-127.44140625,68.359375,-31.73828125
-115.72265625,-148.4375,78.61328125,-32.71484375
-64.94140625,-124.0234375,55.6640625,-21.484375
-55.6640625,-111.81640625,64.453125,-28.80859375
-69.82421875,-125,79.58984375,-46.38671875
-63.96484375,-130.859375,72.75390625,5.859375
-71.2890625,-131.34765625,78.61328125,11.23046875
-101.5625,-123.046875,75.68359375,-50.78125
-77.63671875,-124.51171875,66.89453125,-13.18359375
-63.96484375,-120.1171875,67.3828125,30.76171875
-109.86328125,-149.4140625,76.171875,4.39453125
-106.93359375,-142.08984375,83.984375,-27.34375
-90.33203125,-127.44140625,68.359375,-31.73828125
-115.72265625,-148.4375,78.61328125,-32.71484375
-64.94140625,-124.0234375,55.6640625,-21.484375
-55.6640625,-111.81640625,64.453125,-28.80859375
-69.82421875,-125,79.58984375,-46.38671875
-63.96484375,-130.859375,72.75390625,5.859375
-71.2890625,-131.34765625,78.61328125,11.23046875
-101.5625,-123.046875,75.68359375,-50.78125
-77.63671875,-124.51171875,66.89453125,-13.18359375
-63.96484375,-120.1171875,67.3828125,30.76171875
-14.16015625,-79.1015625,58.10546875,7.8125
31.73828125,-60.546875,65.91796875,11.23046875
40.0390625,-87.40234375,57.6171875,-8.7890625
-40.52734375,-113.76953125,70.80078125,-38.0859375
-35.64453125,-65.91796875,62.01171875,-42.48046875
21.97265625,-51.26953125,65.4296875,-22.94921875
-26.85546875,-70.3125,63.4765625,-40.0390625
-37.109375,-77.1484375,58.10546875,-49.31640625
20.99609375,-76.66015625,55.6640625,0
-36.1328125,-101.07421875,71.77734375,-8.30078125
-20.99609375,-78.125,63.96484375,-23.4375
-8.7890625,-82.03125,47.8515625,-17.08984375
-14.16015625,-79.1015625,58.10546875,7.8125
31.73828125,-60.546875,65.91796875,11.23046875
40.0390625,-87.40234375,57.6171875,-8.7890625
-40.52734375,-113.76953125,70.80078125,-38.0859375
-35.64453125,-65.91796875,62.01171875,-42.48046875
21.97265625,-51.26953125,65.4296875,-22.94921875
-26.85546875,-70.3125,63.4765625,-40.0390625
-37.109375,-77.1484375,58.10546875,-49.31640625
20.99609375,-76.66015625,55.6640625,0
-36.1328125,-101.07421875,71.77734375,-8.30078125
-20.99609375,-78.125,63.96484375,-23.4375
-8.7890625,-82.03125,47.8515625,-17.08984375
-14.16015625,-79.1015625,58.10546875,7.8125
31.73828125,-60.546875,65.91796875,11.23046875
40.0390625,-87.40234375,57.6171875,-8.7890625
-40.52734375,-113.76953125,70.80078125,-38.0859375
-35.64453125,-65.91796875,62.01171875,-42.48046875
21.97265625,-51.26953125,65.4296875,-22.94921875
-26.85546875,-70.3125,63.4765625,-40.0390625
-37.109375,-77.1484375,58.10546875,-49.31640625
20.99609375,-76.66015625,55.6640625,0
-36.1328125,-101.07421875,71.77734375,-8.30078125
-20.99609375,-78.125,63.96484375,-23.4375
-8.7890625,-82.03125,47.8515625,-17.08984375
-14.16015625,-79.1015625,58.10546875,7.8125
31.73828125,-60.546875,65.91796875,11.23046875
40.0390625,-87.40234375,57.6171875,-8.7890625
-40.52734375,-113.76953125,70.80078125,-38.0859375
-35.64453125,-65.91796875,62.01171875,-42.48046875
21.97265625,-51.26953125,65.4296875,-22.94921875
-26.85546875,-70.3125,63.4765625,-40.0390625
-37.109375,-77.1484375,58.10546875,-49.31640625
20.99609375,-76.66015625,55.6640625,0
-36.1328125,-101.07421875,71.77734375,-8.30078125
-20.99609375,-78.125,63.96484375,-23.4375
-8.7890625,-82.03125,47.8515625,-17.08984375
-14.16015625,-79.1015625,58.10546875,7.8125
31.73828125,-60.546875,65.91796875,11.23046875
40.0390625,-87.40234375,57.6171875,-8.7890625
-40.52734375,-113.76953125,70.80078125,-38.0859375
-35.64453125,-65.91796875,62.01171875,-42.48046875
21.97265625,-51.26953125,65.4296875,-22.94921875
-26.85546875,-70.3125,63.4765625,-40.0390625
-37.109375,-77.1484375,58.10546875,-49.31640625
20.99609375,-76.66015625,55.6640625,0
-36.1328125,-101.07421875,71.77734375,-8.30078125
-20.99609375,-78.125,63.96484375,-23.4375
-8.7890625,-82.03125,47.8515625,-17.08984375
-97.16796875,-68.359375,27.34375,-56.15234375
-75.68359375,-95.21484375,6.8359375,-29.296875
-34.66796875,-91.796875,11.71875,19.53125
-56.640625,-67.3828125,23.4375,-13.671875
-97.65625,-79.58984375,1.953125,-39.0625
-70.3125,-70.3125,-0.48828125,-51.26953125
-18.06640625,-44.921875,10.25390625,-45.41015625
-30.76171875,-75.1953125,29.296875,-41.015625
-113.28125,-87.40234375,18.06640625,-59.5703125
-98.14453125,-71.2890625,-5.37109375,-34.66796875
-66.89453125,-65.91796875,6.34765625,-32.71484375
-76.171875,-73.73046875,28.80859375,-28.3203125
-97.16796875,-68.359375,27.34375,-56.15234375
-75.68359375,-95.21484375,6.8359375,-29.296875
-34.66796875,-91.796875,11.71875,19.53125
-56.640625,-67.3828125,23.4375,-13.671875
-97.65625,-79.58984375,1.953125,-39.0625
-70.3125,-70.3125,-0.48828125,-51.26953125
-18.06640625,-44.921875,10.25390625,-45.41015625
-30.76171875,-75.1953125,29.296875,-41.015625
-113.28125,-87.40234375,18.06640625,-59.5703125
-98.14453125,-71.2890625,-5.37109375,-34.66796875
-66.89453125,-65.91796875,6.34765625,-32.71484375
-76.171875,-73.73046875,28.80859375,-28.3203125
-97.16796875,-68.359375,27.34375,-56.15234375
-75.68359375,-95.21484375,6.8359375,-29.296875
-34.66796875,-91.796875,11.71875,19.53125
-56.640625,-67.3828125,23.4375,-13.671875
-97.65625,-79.58984375,1.953125,-39.0625
-70.3125,-70.3125,-0.48828125,-51.26953125
-18.06640625,-44.921875,10.25390625,-45.41015625
-30.76171875,-75.1953125,29.296875,-41.015625
-113.28125,-87.40234375,18.06640625,-59.5703125
-98.14453125,-71.2890625,-5.37109375,-34.66796875
-66.89453125,-65.91796875,6.34765625,-32.71484375
-76.171875,-73.73046875,28.80859375,-28.3203125
-97.16796875,-68.359375,27.34375,-56.15234375
-75.68359375,-95.21484375,6.8359375,-29.296875
-34.66796875,-91.796875,11.71875,19.53125
-56.640625,-67.3828125,23.4375,-13.671875
-97.65625,-79.58984375,1.953125,-39.0625
-70.3125,-70.3125,-0.48828125,-51.26953125
-18.06640625,-44.921875,10.25390625,-45.41015625
-30.76171875,-75.1953125,29.296875,-41.015625
-113.28125,-87.40234375,18.06640625,-59.5703125
-98.14453125,-71.2890625,-5.37109375,-34.66796875
-66.89453125,-65.91796875,6.34765625,-32.71484375
-76.171875,-73.73046875,28.80859375,-28.3203125
-40.0390625,-48.828125,9.765625,-36.1328125
-28.3203125,-48.828125,0,-21.97265625
-22.94921875,-69.3359375,-13.18359375,8.30078125
-15.625,-53.22265625,6.8359375,-37.109375
-12.20703125,-23.4375,14.6484375,-21.97265625
-38.0859375,-35.64453125,0,-1.953125
-48.33984375,-67.87109375,14.16015625,-40.52734375
-75.1953125,-61.5234375,1.46484375,0.48828125
-50.78125,-51.7578125,-7.32421875,5.859375
-41.9921875,-53.7109375,2.44140625,-39.0625
-50.29296875,-65.91796875,-5.37109375,-39.0625
-30.76171875,-50.78125,-18.5546875,-16.11328125
-40.0390625,-48.828125,9.765625,-36.1328125
-28.3203125,-48.828125,0,-21.97265625
-22.94921875,-69.3359375,-13.18359375,8.30078125
-15.625,-53.22265625,6.8359375,-37.109375
-12.20703125,-23.4375,14.6484375,-21.97265625
-38.0859375,-35.64453125,0,-1.953125
-48.33984375,-67.87109375,14.16015625,-40.52734375
-75.1953125,-61.5234375,1.46484375,0.48828125
-50.78125,-51.7578125,-7.32421875,5.859375
-41.9921875,-53.7109375,2.44140625,-39.0625
-50.29296875,-65.91796875,-5.37109375,-39.0625
-30.76171875,-50.78125,-18.5546875,-16.11328125
-47.36328125,-26.3671875,-0.9765625,16.6015625
-78.61328125,-41.50390625,-24.4140625,-32.71484375
-56.640625,-73.2421875,-15.13671875,-50.29296875
-32.71484375,-59.08203125,1.46484375,-36.62109375
-58.10546875,-34.1796875,-4.39453125,-2.9296875
-64.94140625,-51.26953125,-0.9765625,14.16015625
-76.66015625,-65.4296875,-21.484375,-13.671875
-72.265625,-44.921875,-27.34375,-38.0859375
-46.875,-23.4375,-15.625,-16.6015625
-58.10546875,-48.828125,-3.41796875,-9.765625
-79.58984375,-58.10546875,2.9296875,-15.13671875
-66.40625,-41.9921875,-14.16015625,-0.48828125
-47.36328125,-26.3671875,-0.9765625,16.6015625
-78.61328125,-41.50390625,-24.4140625,-32.71484375
-56.640625,-73.2421875,-15.13671875,-50.29296875
-32.71484375,-59.08203125,1.46484375,-36.62109375
-58.10546875,-34.1796875,-4.39453125,-2.9296875
-64.94140625,-51.26953125,-0.9765625,14.16015625
-76.66015625,-65.4296875,-21.484375,-13.671875
-72.265625,-44.921875,-27.34375,-38.0859375
-46.875,-23.4375,-15.625,-16.6015625
-58.10546875,-48.828125,-3.41796875,-9.765625
-79.58984375,-58.10546875,2.9296875,-15.13671875
-66.40625,-41.9921875,-14.16015625,-0.48828125
-47.36328125,-26.3671875,-0.9765625,16.6015625
-78.61328125,-41.50390625,-24.4140625,-32.71484375
-56.640625,-73.2421875,-15.13671875,-50.29296875
-32.71484375,-59.08203125,1.46484375,-36.62109375
-58.10546875,-34.1796875,-4.39453125,-2.9296875
-64.94140625,-51.26953125,-0.9765625,14.16015625
-76.66015625,-65.4296875,-21.484375,-13.671875
-72.265625,-44.921875,-27.34375,-38.0859375
-46.875,-23.4375,-15.625,-16.6015625
-58.10546875,-48.828125,-3.41796875,-9.765625
-79.58984375,-58.10546875,2.9296875,-15.13671875
-66.40625,-41.9921875,-14.16015625,-0.48828125
-47.36328125,-26.3671875,-0.9765625,16.6015625
-78.61328125,-41.50390625,-24.4140625,-32.71484375
-56.640625,-73.2421875,-15.13671875,-50.29296875
-32.71484375,-59.08203125,1.46484375,-36.62109375
-58.10546875,-34.1796875,-4.39453125,-2.9296875
-64.94140625,-51.26953125,-0.9765625,14.16015625
-76.66015625,-65.4296875,-21.484375,-13.671875
-72.265625,-44.921875,-27.34375,-38.0859375
-46.875,-23.4375,-15.625,-16.6015625
-58.10546875,-48.828125,-3.41796875,-9.765625
-79.58984375,-58.10546875,2.9296875,-15.13671875
-66.40625,-41.9921875,-14.16015625,-0.48828125
-24.4140625,-36.1328125,-19.53125,-14.16015625
-68.84765625,-40.52734375,-2.9296875,-18.5546875
-99.12109375,-58.59375,-19.53125,-17.578125
-84.47265625,-58.59375,-26.3671875,-10.7421875
-65.4296875,-31.25,-31.25,-5.37109375
-44.43359375,-32.2265625,-39.0625,-2.9296875
-48.33984375,-40.0390625,-12.6953125,13.671875
-84.9609375,-43.45703125,-16.11328125,28.80859375
-91.796875,-46.38671875,-28.3203125,7.8125
-80.56640625,-38.0859375,-15.625,-13.671875
-77.1484375,-37.109375,-38.0859375,-48.828125
-53.22265625,-48.33984375,-30.2734375,-34.1796875
-24.4140625,-36.1328125,-19.53125,-14.16015625
-68.84765625,-40.52734375,-2.9296875,-18.5546875
-99.12109375,-58.59375,-19.53125,-17.578125
-84.47265625,-58.59375,-26.3671875,-10.7421875
-65.4296875,-31.25,-31.25,-5.37109375
-44.43359375,-32.2265625,-39.0625,-2.9296875
-48.33984375,-40.0390625,-12.6953125,13.671875
-84.9609375,-43.45703125,-16.11328125,28.80859375
-91.796875,-46.38671875,-28.3203125,7.8125
-80.56640625,-38.0859375,-15.625,-13.671875
-77.1484375,-37.109375,-38.0859375,-48.828125
-53.22265625,-48.33984375,-30.2734375,-34.1796875
-24.4140625,-36.1328125,-19.53125,-14.16015625
-68.84765625,-40.52734375,-2.9296875,-18.5546875
-99.12109375,-58.59375,-19.53125,-17.578125
-84.47265625,-58.59375,-26.3671875,-10.7421875
-65.4296875,-31.25,-31.25,-5.37109375
-44.43359375,-32.2265625,-39.0625,-2.9296875
-48.33984375,-40.0390625,-12.6953125,13.671875
-84.9609375,-43.45703125,-16.11328125,28.80859375
-91.796875,-46.38671875,-28.3203125,7.8125
-80.56640625,-38.0859375,-15.625,-13.671875
-77.1484375,-37.109375,-38.0859375,-48.828125
-53.22265625,-48.33984375,-30.2734375,-34.1796875
-24.4140625,-36.1328125,-19.53125,-14.16015625
-68.84765625,-40.52734375,-2.9296875,-18.5546875
-99.12109375,-58.59375,-19.53125,-17.578125
-84.47265625,-58.59375,-26.3671875,-10.7421875
-65.4296875,-31.25,-31.25,-5.37109375
-44.43359375,-32.2265625,-39.0625,-2.9296875
-48.33984375,-40.0390625,-12.6953125,13.671875
-84.9609375,-43.45703125,-16.11328125,28.80859375
-91.796875,-46.38671875,-28.3203125,7.8125
-80.56640625,-38.0859375,-15.625,-13.671875
-77.1484375,-37.109375,-38.0859375,-48.828125
-53.22265625,-48.33984375,-30.2734375,-34.1796875
-61.5234375,-53.7109375,-10.25390625,7.8125
-71.2890625,-40.0390625,-19.04296875,-24.90234375
-77.63671875,-31.25,-42.48046875,-69.3359375
-94.23828125,-40.52734375,-35.64453125,-38.57421875
-106.4453125,-61.5234375,-22.4609375,6.34765625
-37.59765625,-47.36328125,-47.36328125,22.94921875
-46.38671875,-35.15625,-40.0390625,-20.99609375
-104.00390625,-52.24609375,-20.01953125,-21.97265625
-88.8671875,-55.6640625,-37.59765625,-4.39453125
-89.84375,-59.08203125,-28.80859375,-27.34375
-102.5390625,-53.22265625,-24.90234375,-42.96875
-63.4765625,-28.80859375,-41.015625,-25.390625
-61.5234375,-53.7109375,-10.25390625,7.8125
-71.2890625,-40.0390625,-19.04296875,-24.90234375
-77.63671875,-31.25,-42.48046875,-69.3359375
-94.23828125,-40.52734375,-35.64453125,-38.57421875
-106.4453125,-61.5234375,-22.4609375,6.34765625
-37.59765625,-47.36328125,-47.36328125,22.94921875
-46.38671875,-35.15625,-40.0390625,-20.99609375
-104.00390625,-52.24609375,-20.01953125,-21.97265625
-88.8671875,-55.6640625,-37.59765625,-4.39453125
-89.84375,-59.08203125,-28.80859375,-27.34375
-102.5390625,-53.22265625,-24.90234375,-42.96875
-63.4765625,-28.80859375,-41.015625,-25.390625
-61.5234375,-53.7109375,-10.25390625,7.8125
-71.2890625,-40.0390625,-19.04296875,-24.90234375
-77.63671875,-31.25,-42.48046875,-69.3359375
-94.23828125,-40.52734375,-35.64453125,-38.57421875
-106.4453125,-61.5234375,-22.4609375,6.34765625
-37.59765625,-47.36328125,-47.36328125,22.94921875
-46.38671875,-35.15625,-40.0390625,-20.99609375
-104.00390625,-52.24609375,-20.01953125,-21.97265625
-88.8671875,-55.6640625,-37.59765625,-4.39453125
-89.84375,-59.08203125,-28.80859375,-27.34375
-102.5390625,-53.22265625,-24.90234375,-42.96875
-63.4765625,-28.80859375,-41.015625,-25.390625
-68.359375,-38.57421875,-22.4609375,-6.8359375
-70.80078125,-42.48046875,-10.25390625,-32.2265625
-63.4765625,-27.83203125,-35.15625,-33.69140625
-55.6640625,-32.2265625,-36.62109375,-14.16015625
-45.8984375,-50.78125,-21.97265625,-25.390625
-70.80078125,-50.78125,-29.296875,-56.15234375
-69.82421875,-30.76171875,-42.48046875,-26.3671875
-41.015625,-49.31640625,-36.62109375,-23.4375
-50.29296875,-59.08203125,-21.484375,-44.921875
-58.10546875,-30.76171875,-27.34375,-20.99609375
-45.41015625,-21.484375,-31.73828125,-0.9765625
-30.76171875,-44.921875,-15.625,-25.87890625
-68.359375,-38.57421875,-22.4609375,-6.8359375
-70.80078125,-42.48046875,-10.25390625,-32.2265625
-63.4765625,-27.83203125,-35.15625,-33.69140625
-55.6640625,-32.2265625,-36.62109375,-14.16015625
-45.8984375,-50.78125,-21.97265625,-25.390625
-70.80078125,-50.78125,-29.296875,-56.15234375
-69.82421875,-30.76171875,-42.48046875,-26.3671875
-41.015625,-49.31640625,-36.62109375,-23.4375
-50.29296875,-59.08203125,-21.484375,-44.921875
-58.10546875,-30.76171875,-27.34375,-20.99609375
-45.41015625,-21.484375,-31.73828125,-0.9765625
-30.76171875,-44.921875,-15.625,-25.87890625
-68.359375,-38.57421875,-22.4609375,-6.8359375
-70.80078125,-42.48046875,-10.25390625,-32.2265625
-63.4765625,-27.83203125,-35.15625,-33.69140625
-55.6640625,-32.2265625,-36.62109375,-14.16015625
-45.8984375,-50.78125,-21.97265625,-25.390625
-70.80078125,-50.78125,-29.296875,-56.15234375
-69.82421875,-30.76171875,-42.48046875,-26.3671875
-41.015625,-49.31640625,-36.62109375,-23.4375
-50.29296875,-59.08203125,-21.484375,-44.921875
-58.10546875,-30.76171875,-27.34375,-20.99609375
-45.41015625,-21.484375,-31.73828125,-0.9765625
-30.76171875,-44.921875,-15.625,-25.87890625
-62.5,-41.50390625,-17.578125,-45.41015625
-14.6484375,-25.87890625,-30.2734375,-16.6015625
-43.9453125,-22.94921875,-10.25390625,-16.11328125
-85.9375,-34.66796875,-13.671875,-41.9921875
-35.15625,-38.57421875,-38.57421875,-54.6875
-41.015625,-39.0625,-12.20703125,-23.92578125
-49.31640625,-43.45703125,-2.44140625,7.32421875
-21.484375,-46.875,-25.87890625,-31.25
-74.70703125,-25.87890625,-28.3203125,-77.1484375
-58.59375,-27.83203125,-6.8359375,-37.59765625
5.859375,-37.59765625,-10.25390625,0.9765625
-60.05859375,-31.25,-21.97265625,-17.08984375
-23.4375,-33.203125,-19.53125,-11.23046875
-52.24609375,-39.55078125,-23.4375,-25.390625
-67.87109375,-49.8046875,-26.85546875,-54.6875
-43.45703125,-36.1328125,-16.11328125,-31.25
-20.5078125,-17.578125,-20.01953125,-21.97265625
-56.640625,-44.921875,-18.5546875,-19.04296875
-84.47265625,-37.59765625,-3.41796875,-32.71484375
-22.4609375,-33.69140625,5.37109375,-36.62109375
-29.78515625,-34.66796875,-7.8125,-22.4609375
-37.109375,-21.484375,-31.25,-46.875
-35.15625,-29.296875,-29.78515625,-39.0625
-89.84375,-55.17578125,-29.296875,-31.73828125
-23.4375,-33.203125,-19.53125,-11.23046875
-52.24609375,-39.55078125,-23.4375,-25.390625
-67.87109375,-49.8046875,-26.85546875,-54.6875
-43.45703125,-36.1328125,-16.11328125,-31.25
-20.5078125,-17.578125,-20.01953125,-21.97265625
-56.640625,-44.921875,-18.5546875,-19.04296875
-84.47265625,-37.59765625,-3.41796875,-32.71484375
-22.4609375,-33.69140625,5.37109375,-36.62109375
-29.78515625,-34.66796875,-7.8125,-22.4609375
-37.109375,-21.484375,-31.25,-46.875
-35.15625,-29.296875,-29.78515625,-39.0625
-89.84375,-55.17578125,-29.296875,-31.73828125
-23.4375,-33.203125,-19.53125,-11.23046875
-52.24609375,-39.55078125,-23.4375,-25.390625
-67.87109375,-49.8046875,-26.85546875,-54.6875
-43.45703125,-36.1328125,-16.11328125,-31.25
-20.5078125,-17.578125,-20.01953125,-21.97265625
-56.640625,-44.921875,-18.5546875,-19.04296875
-84.47265625,-37.59765625,-3.41796875,-32.71484375
-22.4609375,-33.69140625,5.37109375,-36.62109375
-29.78515625,-34.66796875,-7.8125,-22.4609375
-37.109375,-21.484375,-31.25,-46.875
-35.15625,-29.296875,-29.78515625,-39.0625
-89.84375,-55.17578125,-29.296875,-31.73828125
-23.4375,-33.203125,-19.53125,-11.23046875
-52.24609375,-39.55078125,-23.4375,-25.390625
-67.87109375,-49.8046875,-26.85546875,-54.6875
-43.45703125,-36.1328125,-16.11328125,-31.25
-20.5078125,-17.578125,-20.01953125,-21.97265625
-56.640625,-44.921875,-18.5546875,-19.04296875
-84.47265625,-37.59765625,-3.41796875,-32.71484375
-22.4609375,-33.69140625,5.37109375,-36.62109375
-29.78515625,-34.66796875,-7.8125,-22.4609375
-37.109375,-21.484375,-31.25,-46.875
-35.15625,-29.296875,-29.78515625,-39.0625
-89.84375,-55.17578125,-29.296875,-31.73828125
-23.4375,-33.203125,-19.53125,-11.23046875
-52.24609375,-39.55078125,-23.4375,-25.390625
-67.87109375,-49.8046875,-26.85546875,-54.6875
-43.45703125,-36.1328125,-16.11328125,-31.25
-20.5078125,-17.578125,-20.01953125,-21.97265625
-56.640625,-44.921875,-18.5546875,-19.04296875
-84.47265625,-37.59765625,-3.41796875,-32.71484375
-22.4609375,-33.69140625,5.37109375,-36.62109375
-29.78515625,-34.66796875,-7.8125,-22.4609375
-37.109375,-21.484375,-31.25,-46.875
-35.15625,-29.296875,-29.78515625,-39.0625
-89.84375,-55.17578125,-29.296875,-31.73828125
-84.47265625,-40.52734375,-23.92578125,-26.85546875
-67.3828125,-40.52734375,-34.66796875,-64.94140625
-71.77734375,-53.7109375,-33.69140625,-51.7578125
-75.1953125,-46.38671875,-32.71484375,-41.015625
-85.44921875,-55.17578125,-41.9921875,-33.69140625
-43.9453125,-54.6875,-19.04296875,-36.1328125
-19.53125,-26.85546875,-14.6484375,-45.41015625
-79.1015625,-35.64453125,-32.2265625,-37.59765625
-89.84375,-39.0625,-48.828125,-33.69140625
-69.82421875,-47.8515625,-49.8046875,-52.734375
-79.58984375,-39.55078125,-41.015625,-59.08203125
-73.73046875,-33.203125,-30.76171875,-63.4765625
-75.1953125,-27.83203125,-28.80859375,-18.5546875
-104.00390625,-42.48046875,-24.4140625,0.48828125
-80.078125,-58.59375,-14.16015625,-44.921875
-24.90234375,-31.73828125,-27.83203125,-28.3203125
-69.3359375,-35.15625,-51.7578125,-19.53125
-75.68359375,-36.62109375,-35.15625,-55.17578125
-55.17578125,-36.62109375,-16.11328125,-40.0390625
-42.48046875,-46.38671875,-36.62109375,-41.9921875
-48.828125,-41.50390625,-37.59765625,-33.203125
-74.70703125,-36.62109375,-31.25,-15.625
-51.7578125,-29.78515625,-27.34375,-41.50390625
-56.640625,-22.4609375,-37.109375,-36.1328125
-75.1953125,-27.83203125,-28.80859375,-18.5546875
-104.00390625,-42.48046875,-24.4140625,0.48828125
-80.078125,-58.59375,-14.16015625,-44.921875
-24.90234375,-31.73828125,-27.83203125,-28.3203125
-69.3359375,-35.15625,-51.7578125,-19.53125
-75.68359375,-36.62109375,-35.15625,-55.17578125
-55.17578125,-36.62109375,-16.11328125,-40.0390625
-42.48046875,-46.38671875,-36.62109375,-41.9921875
-48.828125,-41.50390625,-37.59765625,-33.203125
-74.70703125,-36.62109375,-31.25,-15.625
-51.7578125,-29.78515625,-27.34375,-41.50390625
-56.640625,-22.4609375,-37.109375,-36.1328125
-75.1953125,-27.83203125,-28.80859375,-18.5546875
-104.00390625,-42.48046875,-24.4140625,0.48828125
-80.078125,-58.59375,-14.16015625,-44.921875
-24.90234375,-31.73828125,-27.83203125,-28.3203125
-69.3359375,-35.15625,-51.7578125,-19.53125
-75.68359375,-36.62109375,-35.15625,-55.17578125
-55.17578125,-36.62109375,-16.11328125,-40.0390625
-42.48046875,-46.38671875,-36.62109375,-41.9921875
-48.828125,-41.50390625,-37.59765625,-33.203125
-74.70703125,-36.62109375,-31.25,-15.625
-51.7578125,-29.78515625,-27.34375,-41.50390625
-56.640625,-22.4609375,-37.109375,-36.1328125
-75.1953125,-27.83203125,-28.80859375,-18.5546875
-104.00390625,-42.48046875,-24.4140625,0.48828125
-80.078125,-58.59375,-14.16015625,-44.921875
-24.90234375,-31.73828125,-27.83203125,-28.3203125
-69.3359375,-35.15625,-51.7578125,-19.53125
-75.68359375,-36.62109375,-35.15625,-55.17578125
-55.17578125,-36.62109375,-16.11328125,-40.0390625
-42.48046875,-46.38671875,-36.62109375,-41.9921875
-48.828125,-41.50390625,-37.59765625,-33.203125
-74.70703125,-36.62109375,-31.25,-15.625
-51.7578125,-29.78515625,-27.34375,-41.50390625
-56.640625,-22.4609375,-37.109375,-36.1328125
-75.1953125,-27.83203125,-28.80859375,-18.5546875
-104.00390625,-42.48046875,-24.4140625,0.48828125
-80.078125,-58.59375,-14.16015625,-44.921875
-24.90234375,-31.73828125,-27.83203125,-28.3203125
-69.3359375,-35.15625,-51.7578125,-19.53125
-75.68359375,-36.62109375,-35.15625,-55.17578125
-55.17578125,-36.62109375,-16.11328125,-40.0390625
-42.48046875,-46.38671875,-36.62109375,-41.9921875
-48.828125,-41.50390625,-37.59765625,-33.203125
-74.70703125,-36.62109375,-31.25,-15.625
-51.7578125,-29.78515625,-27.34375,-41.50390625
-56.640625,-22.4609375,-37.109375,-36.1328125
-37.109375,-35.64453125,-12.20703125,-74.21875
-43.9453125,-36.62109375,-20.01953125,-46.875
-47.8515625,-40.52734375,-25.390625,-33.203125
-62.98828125,-45.41015625,-21.484375,-31.25
-41.9921875,-32.2265625,-28.3203125,-31.25
-45.41015625,-20.5078125,-39.0625,-67.3828125
-35.15625,-32.2265625,-39.0625,-57.6171875
-38.0859375,-44.43359375,-25.390625,-19.04296875
-80.078125,-39.0625,-25.87890625,-42.48046875
-73.2421875,-29.296875,-24.90234375,-53.7109375
-72.265625,-36.62109375,-17.08984375,-44.921875
-62.98828125,-28.80859375,-30.2734375,-51.7578125
-37.109375,-35.64453125,-12.20703125,-74.21875
-43.9453125,-36.62109375,-20.01953125,-46.875
-47.8515625,-40.52734375,-25.390625,-33.203125
-62.98828125,-45.41015625,-21.484375,-31.25
-41.9921875,-32.2265625,-28.3203125,-31.25
-45.41015625,-20.5078125,-39.0625,-67.3828125
-35.15625,-32.2265625,-39.0625,-57.6171875
-38.0859375,-44.43359375,-25.390625,-19.04296875
-80.078125,-39.0625,-25.87890625,-42.48046875
-73.2421875,-29.296875,-24.90234375,-53.7109375
-72.265625,-36.62109375,-17.08984375,-44.921875
-62.98828125,-28.80859375,-30.2734375,-51.7578125
-37.109375,-35.64453125,-12.20703125,-74.21875
-43.9453125,-36.62109375,-20.01953125,-46.875
-47.8515625,-40.52734375,-25.390625,-33.203125
-62.98828125,-45.41015625,-21.484375,-31.25
-41.9921875,-32.2265625,-28.3203125,-31.25
-45.41015625,-20.5078125,-39.0625,-67.3828125
-35.15625,-32.2265625,-39.0625,-57.6171875
-38.0859375,-44.43359375,-25.390625,-19.04296875
-80.078125,-39.0625,-25.87890625,-42.48046875
-73.2421875,-29.296875,-24.90234375,-53.7109375
-72.265625,-36.62109375,-17.08984375,-44.921875
-62.98828125,-28.80859375,-30.2734375,-51.7578125
-37.109375,-35.64453125,-12.20703125,-74.21875
-43.9453125,-36.62109375,-20.01953125,-46.875
-47.8515625,-40.52734375,-25.390625,-33.203125
-62.98828125,-45.41015625,-21.484375,-31.25
-41.9921875,-32.2265625,-28.3203125,-31.25
-45.41015625,-20.5078125,-39.0625,-67.3828125
-35.15625,-32.2265625,-39.0625,-57.6171875
-38.0859375,-44.43359375,-25.390625,-19.04296875
-80.078125,-39.0625,-25.87890625,-42.48046875
-73.2421875,-29.296875,-24.90234375,-53.7109375
-72.265625,-36.62109375,-17.08984375,-44.921875
-62.98828125,-28.80859375,-30.2734375,-51.7578125